numero,client_reference,claim_number,liquidation_number,estado,disabled,fecha_creacion
1,202603560,3108199187,L-000000021,Liquidación,no,2026-07-28T15:25:35.934631+00:00
2,CHL-00000488,1970296,L-000001430,Liquidación,no,2026-08-25T12:44:54.129556+00:00
3,CHL-00000609,1022408,L-000001431,Liquidación,no,2026-08-25T12:44:59.703593+00:00
4,CHL-00000809,10845831,L-000001432,Liquidación,no,2026-08-25T12:45:05.220723+00:00
5,CHL-00000936,10850658,L-000001433,Liquidación,no,2026-08-25T12:45:10.756242+00:00
6,CHL-00000989,10851671,L-000001434,Liquidación,no,2026-08-25T12:45:16.265282+00:00
7,CHL-00000994,10854688,L-000001435,Liquidación,no,2026-08-25T12:45:21.865002+00:00
8,CHL-00001002,10853344,L-000001436,Liquidación,no,2026-08-25T12:45:27.374944+00:00
9,CHL-00001107,10851765,L-000001437,Liquidación,no,2026-08-25T12:45:32.860195+00:00
10,CHL-00001120,10852600,L-000001438,Liquidación,no,2026-08-25T12:45:38.292467+00:00
11,CHL-00001141,19008855,L-000001439,Liquidación,no,2026-08-25T12:45:43.884953+00:00
12,CHL-00001162,10855975,L-000001440,Liquidación,no,2026-08-25T12:45:49.346763+00:00
13,CHL-00001213,117000099,L-000001441,Liquidación,no,2026-08-25T12:45:54.76494+00:00
14,CHL-00001221,126263916,L-000001442,Liquidación,no,2026-08-25T12:46:00.288923+00:00
15,CHL-00001254,1981624,L-000001443,Liquidación,no,2026-08-25T12:46:05.061022+00:00
16,CHL-00001255,1981627,L-000001444,Liquidación,no,2026-08-25T12:46:10.517427+00:00
17,CHL-00001363,10862663,L-000001445,Liquidación,no,2026-08-25T12:46:19.59886+00:00
18,CHL-00001390,1022594,L-000001446,Liquidación,no,2026-08-25T12:46:25.106263+00:00
19,CHL-00001563,10868636,L-000001447,Liquidación,no,2026-08-25T12:46:30.60962+00:00
20,CHL-00001589,10873170,L-000001448,Liquidación,no,2026-08-25T12:46:35.321699+00:00
21,CHL-00001607,126269012,L-000001449,Liquidación,no,2026-08-25T12:46:48.139338+00:00
22,CHL-00001610,10869408,L-000001450,Liquidación,no,2026-08-25T12:46:53.431587+00:00
23,CHL-00001933,10887994,L-000001451,Liquidación,no,2026-08-25T12:47:01.69914+00:00
24,202603152,25444-2026,L-000001479,Liquidación,no,2026-08-25T13:05:09.505195+00:00
25,202603277,3108198755,L-000001484,Liquidación,no,2026-08-25T13:05:25.755382+00:00
26,202603832,2611020641,L-000001485,Liquidación,no,2026-08-25T13:05:28.48104+00:00
27,202603567,668615,L-000001488,Liquidación,no,2026-08-25T13:05:37.592382+00:00
28,202604033,10126000000483,L-000001492,Liquidación,no,2026-08-25T13:05:50.212123+00:00
29,202605825,226015414,L-000001493,Liquidación,no,2026-08-25T13:05:52.613658+00:00
30,202505148,1953968,L-000001495,Liquidación,no,2026-08-25T13:05:58.598499+00:00
31,202505322,19778-2025,L-000001496,Liquidación,no,2026-08-25T13:06:01.882915+00:00
32,202601852,126238196,L-000001497,Liquidación,no,2026-08-25T13:06:05.279409+00:00
33,202604260,13-528374,L-000001498,Liquidación,no,2026-08-25T13:06:08.602531+00:00
34,202601963,126239864,L-000001500,Liquidación,no,2026-08-25T13:06:15.153362+00:00
35,202604815,101194/01/2025/001,L-000001502,Liquidación,no,2026-08-25T13:06:20.965515+00:00
36,202606070,226015622,L-000001503,Liquidación,no,2026-08-25T13:06:23.329963+00:00
37,202602413,24776-2026,L-000001505,Liquidación,no,2026-08-25T13:06:29.035514+00:00
38,202602538,126250837,L-000001506,Liquidación,no,2026-08-25T13:06:32.412365+00:00
39,202604947,13-530629,L-000001507,Liquidación,no,2026-08-25T13:06:35.754767+00:00
40,202605025,453317,L-000001508,Liquidación,no,2026-08-25T13:06:39.052598+00:00
41,202602641,14-523832,L-000001509,Liquidación,no,2026-08-25T13:06:42.332397+00:00
42,202602661,10813466,L-000001510,Liquidación,no,2026-08-25T13:06:45.674849+00:00
43,202602699,449286,L-000001511,Liquidación,no,2026-08-25T13:06:48.979037+00:00
44,202605816,226015405,L-000001512,Liquidación,no,2026-08-25T13:06:52.3129+00:00
45,202605855,226015495,L-000001513,Liquidación,no,2026-08-25T13:06:54.800214+00:00
46,202602721,126253854,L-000001522,Liquidación,no,2026-08-25T13:07:21.298997+00:00
47,202602788,2611018206,L-000001523,Liquidación,no,2026-08-25T13:07:23.982598+00:00
48,202602804,13-524793,L-000001524,Liquidación,no,2026-08-25T13:07:27.225818+00:00
49,202602873,13026000000342,L-000001525,Liquidación,no,2026-08-25T13:07:30.547426+00:00
50,202603040,450252,L-000001526,Liquidación,no,2026-08-25T13:07:33.819756+00:00
51,202603045,10326000000136,L-000001527,Liquidación,no,2026-08-25T13:07:37.066388+00:00
52,202603054,13-529623,L-000001528,Liquidación,no,2026-08-25T13:07:40.286264+00:00
53,202602958,13-525472,L-000001529,Liquidación,no,2026-08-25T13:07:43.697127+00:00
54,202603072,10836098,L-000001530,Liquidación,no,2026-08-25T13:07:47.00767+00:00
55,202603157,25445-2026,L-000001532,Liquidación,no,2026-08-25T13:07:51.863413+00:00
56,202603244,226009361,L-000001533,Liquidación,no,2026-08-25T13:07:54.330917+00:00
57,202603436,2611020205,L-000001534,Liquidación,no,2026-08-25T13:07:56.747747+00:00
58,202603461,226009910,L-000001535,Liquidación,no,2026-08-25T13:07:59.136193+00:00
59,202603672,226010438,L-000001536,Liquidación,no,2026-08-25T13:08:01.492806+00:00
60,202603691,226010564,L-000001537,Liquidación,no,2026-08-25T13:08:03.92136+00:00
61,202603801,14-527813,L-000001538,Liquidación,no,2026-08-25T13:08:07.146768+00:00
62,202603822,2611020522,L-000001539,Liquidación,no,2026-08-25T13:08:09.539979+00:00
63,202603931,2611020798,L-000001540,Liquidación,no,2026-08-25T13:08:11.860906+00:00
64,202603992,90226190020652,L-000001541,Liquidación,no,2026-08-25T13:08:15.150356+00:00
65,202604126,101149/01/2025/002,L-000001542,Liquidación,no,2026-08-25T13:08:18.43767+00:00
66,202604139,226011734,L-000001543,Liquidación,no,2026-08-25T13:08:20.843642+00:00
67,202604145,01-528219,L-000001544,Liquidación,no,2026-08-25T13:08:24.146135+00:00
68,202604175,226011944,L-000001545,Liquidación,no,2026-08-25T13:08:27.435486+00:00
69,202604198,101185/01/2025/017,L-000001546,Liquidación,no,2026-08-25T13:08:30.715057+00:00
70,202601882,10761937,L-000001547,Liquidación,no,2026-08-25T13:08:33.869323+00:00
71,202604318,226012275,L-000001548,Liquidación,no,2026-08-25T13:08:37.155725+00:00
72,202604351,226012317,L-000001549,Liquidación,no,2026-08-25T13:08:39.618347+00:00
73,202604489,2610021842,L-000001550,Liquidación,no,2026-08-25T13:08:42.90411+00:00
74,202604577,2611022001,L-000001551,Liquidación,no,2026-08-25T13:08:45.413537+00:00
75,202604675,2610022034,L-000001552,Liquidación,no,2026-08-25T13:08:48.645093+00:00
76,202604804,13226000001948,L-000001553,Liquidación,no,2026-08-25T13:08:51.830863+00:00
77,202604863,20526000000091,L-000001554,Liquidación,no,2026-08-25T13:08:55.165516+00:00
78,202604943,13-530621,L-000001555,Liquidación,no,2026-08-25T13:08:58.528167+00:00
79,202604944,13-530626,L-000001556,Liquidación,no,2026-08-25T13:09:01.82275+00:00
80,202604967,13-530660,L-000001557,Liquidación,no,2026-08-25T13:09:04.300923+00:00
81,202604972,453151,L-000001558,Liquidación,no,2026-08-25T13:09:07.579738+00:00
82,202604973,453153,L-000001559,Liquidación,no,2026-08-25T13:09:10.880802+00:00
83,202604974,453154,L-000001560,Liquidación,no,2026-08-25T13:09:14.162104+00:00
84,202604979,453160,L-000001561,Liquidación,no,2026-08-25T13:09:17.491246+00:00
85,202605813,226015402,L-000001562,Liquidación,no,2026-08-25T13:09:20.738604+00:00
86,202605814,226015403,L-000001563,Liquidación,no,2026-08-25T13:09:23.132126+00:00
87,202605815,226015404,L-000001564,Liquidación,no,2026-08-25T13:09:25.789026+00:00
88,202605820,226015410,L-000001565,Liquidación,no,2026-08-25T13:09:28.206757+00:00
89,202605821,226015411,L-000001566,Liquidación,no,2026-08-25T13:09:31.513754+00:00
90,202605822,226012440,L-000001567,Liquidación,no,2026-08-25T13:09:34.727136+00:00
91,202605823,226012427,L-000001568,Liquidación,no,2026-08-25T13:09:38.083418+00:00
92,202605827,01-41-000925,L-000001569,Liquidación,no,2026-08-25T13:09:41.353185+00:00
93,202605840,226015459,L-000001570,Liquidación,no,2026-08-25T13:09:43.724975+00:00
94,202605843,226015483,L-000001571,Liquidación,no,2026-08-25T13:09:46.156893+00:00
95,202605885,226015444,L-000001572,Liquidación,no,2026-08-25T13:09:48.675498+00:00
96,202605923,454070,L-000001573,Liquidación,no,2026-08-25T13:09:52.018919+00:00
97,202605925,454072,L-000001574,Liquidación,no,2026-08-25T13:09:55.286698+00:00
98,202605936,454079,L-000001575,Liquidación,no,2026-08-25T13:09:58.532441+00:00
99,202605950,454083,L-000001576,Liquidación,no,2026-08-25T13:10:01.778368+00:00
100,202606025,454202,L-000001577,Liquidación,no,2026-08-25T13:10:05.029098+00:00
101,202606029,454255,L-000001591,Liquidación,no,2026-08-25T13:10:46.195756+00:00
102,202606030,454267,L-000001592,Liquidación,no,2026-08-25T13:10:49.45902+00:00
103,202606031,454276,L-000001593,Liquidación,no,2026-08-25T13:10:52.775391+00:00
104,202606096,226015653,L-000001594,Liquidación,no,2026-08-25T13:10:55.18086+00:00
105,202606130,226015671,L-000001595,Liquidación,no,2026-08-25T13:10:57.556383+00:00
106,202602937,450130,L-000001698,Liquidación,no,2026-08-25T13:15:56.112066+00:00
107,202602630,10811586,L-000001701,Liquidación,no,2026-08-25T13:16:04.372317+00:00
108,202602983,450206,L-000001702,Liquidación,no,2026-08-25T13:16:07.548148+00:00