-- ============================================================
-- Hub Inspections — Migracion 16: Seed de datos reales (Chile)
-- Regiones, Ciudades y Comunas desde SQL Server (all.sql)
-- ============================================================

-- Limpiar datos de seed anteriores para Chile
DELETE FROM communes WHERE city_id IN (SELECT id FROM cities WHERE region_id IN (SELECT id FROM regions WHERE country_id = (SELECT id FROM countries WHERE code = 'CL')));
DELETE FROM cities WHERE region_id IN (SELECT id FROM regions WHERE country_id = (SELECT id FROM countries WHERE code = 'CL'));
DELETE FROM regions WHERE country_id = (SELECT id FROM countries WHERE code = 'CL');

DO $$
DECLARE
  v_cl UUID;
BEGIN
  SELECT id INTO v_cl FROM countries WHERE code = 'CL' LIMIT 1;

  -- Insert regions (16)
  INSERT INTO regions (id, country_id, code, name, is_active) VALUES ('e6b67251-a922-85a4-0221-881cff7da04a', v_cl, '', 'I Región', true) ON CONFLICT (id) DO UPDATE SET name = EXCLUDED.name, code = EXCLUDED.code;
  INSERT INTO regions (id, country_id, code, name, is_active) VALUES ('7c93f1b2-6968-9e62-feae-35c4d22424d1', v_cl, '', 'II Región', true) ON CONFLICT (id) DO UPDATE SET name = EXCLUDED.name, code = EXCLUDED.code;
  INSERT INTO regions (id, country_id, code, name, is_active) VALUES ('1e3272ec-b526-d0d6-f17d-25d84e22fd24', v_cl, '', 'III Región', true) ON CONFLICT (id) DO UPDATE SET name = EXCLUDED.name, code = EXCLUDED.code;
  INSERT INTO regions (id, country_id, code, name, is_active) VALUES ('c810ee67-3439-a620-4310-6b73d0dd36e7', v_cl, '', 'IV Región', true) ON CONFLICT (id) DO UPDATE SET name = EXCLUDED.name, code = EXCLUDED.code;
  INSERT INTO regions (id, country_id, code, name, is_active) VALUES ('45245bde-a0e7-b86c-f4da-9eec83428e02', v_cl, '', 'V Región', true) ON CONFLICT (id) DO UPDATE SET name = EXCLUDED.name, code = EXCLUDED.code;
  INSERT INTO regions (id, country_id, code, name, is_active) VALUES ('3e8451af-cbaa-2f6f-7e66-0067c3ee18ff', v_cl, '', 'VI Región', true) ON CONFLICT (id) DO UPDATE SET name = EXCLUDED.name, code = EXCLUDED.code;
  INSERT INTO regions (id, country_id, code, name, is_active) VALUES ('649e0d1d-6193-ef0f-263b-258b64da2e8e', v_cl, '', 'VII Región', true) ON CONFLICT (id) DO UPDATE SET name = EXCLUDED.name, code = EXCLUDED.code;
  INSERT INTO regions (id, country_id, code, name, is_active) VALUES ('42a20c79-97f9-2540-517b-81038df893f7', v_cl, '', 'VIII Región', true) ON CONFLICT (id) DO UPDATE SET name = EXCLUDED.name, code = EXCLUDED.code;
  INSERT INTO regions (id, country_id, code, name, is_active) VALUES ('4013511a-2b27-acfc-68ec-396a7b3abf5c', v_cl, '', 'IX Región', true) ON CONFLICT (id) DO UPDATE SET name = EXCLUDED.name, code = EXCLUDED.code;
  INSERT INTO regions (id, country_id, code, name, is_active) VALUES ('b9e178db-ceb6-fe3e-14c4-de47bb2adcdd', v_cl, '', 'X Región', true) ON CONFLICT (id) DO UPDATE SET name = EXCLUDED.name, code = EXCLUDED.code;
  INSERT INTO regions (id, country_id, code, name, is_active) VALUES ('3100da17-4ac9-01fa-b2fc-d6bf4377fde7', v_cl, '', 'XI Región', true) ON CONFLICT (id) DO UPDATE SET name = EXCLUDED.name, code = EXCLUDED.code;
  INSERT INTO regions (id, country_id, code, name, is_active) VALUES ('f354128e-3832-9a40-24fa-1d598388b363', v_cl, '', 'XII Región', true) ON CONFLICT (id) DO UPDATE SET name = EXCLUDED.name, code = EXCLUDED.code;
  INSERT INTO regions (id, country_id, code, name, is_active) VALUES ('625fe6e8-313f-1082-a162-e013dd960536', v_cl, '', 'Región Metropolitana', true) ON CONFLICT (id) DO UPDATE SET name = EXCLUDED.name, code = EXCLUDED.code;
  INSERT INTO regions (id, country_id, code, name, is_active) VALUES ('9b1f9383-ef49-f172-d6ee-ee3f2a00c3a7', v_cl, '', 'XIV Región', true) ON CONFLICT (id) DO UPDATE SET name = EXCLUDED.name, code = EXCLUDED.code;
  INSERT INTO regions (id, country_id, code, name, is_active) VALUES ('ba57ef5d-845b-dfb0-166f-351adad9a223', v_cl, '', 'XV Región', true) ON CONFLICT (id) DO UPDATE SET name = EXCLUDED.name, code = EXCLUDED.code;
  INSERT INTO regions (id, country_id, code, name, is_active) VALUES ('ff6c2617-4d96-232c-3dc2-db07360e9df8', v_cl, '', 'Perú', true) ON CONFLICT (id) DO UPDATE SET name = EXCLUDED.name, code = EXCLUDED.code;

  -- Insert cities (53)
  INSERT INTO cities (id, region_id, name, is_active) VALUES ('83419308-b617-df1d-25ea-3188a9c4d704', 'e6b67251-a922-85a4-0221-881cff7da04a', 'Iquique', true) ON CONFLICT (id) DO UPDATE SET name = EXCLUDED.name;
  INSERT INTO cities (id, region_id, name, is_active) VALUES ('87db340b-ec19-627a-6b25-416ddf274026', '7c93f1b2-6968-9e62-feae-35c4d22424d1', 'Tocopilla', true) ON CONFLICT (id) DO UPDATE SET name = EXCLUDED.name;
  INSERT INTO cities (id, region_id, name, is_active) VALUES ('07977f0e-ad14-b16f-08da-f8aa67f54218', '7c93f1b2-6968-9e62-feae-35c4d22424d1', 'El Loa', true) ON CONFLICT (id) DO UPDATE SET name = EXCLUDED.name;
  INSERT INTO cities (id, region_id, name, is_active) VALUES ('5b1c67ae-7661-012c-11ce-beb393a05b89', '7c93f1b2-6968-9e62-feae-35c4d22424d1', 'Antofagasta', true) ON CONFLICT (id) DO UPDATE SET name = EXCLUDED.name;
  INSERT INTO cities (id, region_id, name, is_active) VALUES ('0f782d98-8f9c-9018-68ca-28baa1cfe6d2', '1e3272ec-b526-d0d6-f17d-25d84e22fd24', 'Chañaral', true) ON CONFLICT (id) DO UPDATE SET name = EXCLUDED.name;
  INSERT INTO cities (id, region_id, name, is_active) VALUES ('80cdc18c-a0ab-3311-c1ff-405a02fdc0dc', '1e3272ec-b526-d0d6-f17d-25d84e22fd24', 'Copiapó', true) ON CONFLICT (id) DO UPDATE SET name = EXCLUDED.name;
  INSERT INTO cities (id, region_id, name, is_active) VALUES ('139b1177-d397-31f9-d4c1-d434a6e99b73', '1e3272ec-b526-d0d6-f17d-25d84e22fd24', 'Huasco', true) ON CONFLICT (id) DO UPDATE SET name = EXCLUDED.name;
  INSERT INTO cities (id, region_id, name, is_active) VALUES ('a74bc721-45ca-d077-676d-a9076ca392b5', 'c810ee67-3439-a620-4310-6b73d0dd36e7', 'Elqui', true) ON CONFLICT (id) DO UPDATE SET name = EXCLUDED.name;
  INSERT INTO cities (id, region_id, name, is_active) VALUES ('9043c936-b17d-f7b8-b99a-c2315e9064a7', 'c810ee67-3439-a620-4310-6b73d0dd36e7', 'Limarí', true) ON CONFLICT (id) DO UPDATE SET name = EXCLUDED.name;
  INSERT INTO cities (id, region_id, name, is_active) VALUES ('1eb1f770-efb4-700a-841c-b18b7f5b0e0c', 'c810ee67-3439-a620-4310-6b73d0dd36e7', 'Choapa', true) ON CONFLICT (id) DO UPDATE SET name = EXCLUDED.name;
  INSERT INTO cities (id, region_id, name, is_active) VALUES ('3e21ade9-0041-7609-253b-215ac10648fe', '45245bde-a0e7-b86c-f4da-9eec83428e02', 'Valparaíso', true) ON CONFLICT (id) DO UPDATE SET name = EXCLUDED.name;
  INSERT INTO cities (id, region_id, name, is_active) VALUES ('708c1d73-a380-672a-8ca5-2a6fe1406fbf', '45245bde-a0e7-b86c-f4da-9eec83428e02', 'Petorca', true) ON CONFLICT (id) DO UPDATE SET name = EXCLUDED.name;
  INSERT INTO cities (id, region_id, name, is_active) VALUES ('9299b6bb-c5c3-dae9-962d-94aaf9aa1633', '45245bde-a0e7-b86c-f4da-9eec83428e02', 'Los Andes', true) ON CONFLICT (id) DO UPDATE SET name = EXCLUDED.name;
  INSERT INTO cities (id, region_id, name, is_active) VALUES ('6b6820cf-009f-35fa-38b8-c41f3eb6a705', '45245bde-a0e7-b86c-f4da-9eec83428e02', 'San Felipe', true) ON CONFLICT (id) DO UPDATE SET name = EXCLUDED.name;
  INSERT INTO cities (id, region_id, name, is_active) VALUES ('943f722b-e7cb-d9f5-c393-bc786c5c5838', '45245bde-a0e7-b86c-f4da-9eec83428e02', 'Quillota', true) ON CONFLICT (id) DO UPDATE SET name = EXCLUDED.name;
  INSERT INTO cities (id, region_id, name, is_active) VALUES ('615392db-1cc9-5ac1-6ebb-3fd79cf5f7d7', '45245bde-a0e7-b86c-f4da-9eec83428e02', 'San Antonio', true) ON CONFLICT (id) DO UPDATE SET name = EXCLUDED.name;
  INSERT INTO cities (id, region_id, name, is_active) VALUES ('7f213326-b45a-6329-2d8e-d00e27cf1b61', '45245bde-a0e7-b86c-f4da-9eec83428e02', 'Isla de Pascua', true) ON CONFLICT (id) DO UPDATE SET name = EXCLUDED.name;
  INSERT INTO cities (id, region_id, name, is_active) VALUES ('d62a0dbd-c372-b0c4-a6da-272c23c8b37f', '3e8451af-cbaa-2f6f-7e66-0067c3ee18ff', 'Cachapoal', true) ON CONFLICT (id) DO UPDATE SET name = EXCLUDED.name;
  INSERT INTO cities (id, region_id, name, is_active) VALUES ('ee06d043-2cd9-e371-41cf-2affb5d7b4e3', '3e8451af-cbaa-2f6f-7e66-0067c3ee18ff', 'Colchagua', true) ON CONFLICT (id) DO UPDATE SET name = EXCLUDED.name;
  INSERT INTO cities (id, region_id, name, is_active) VALUES ('87bee238-c5f7-aa63-2541-df5dc06e35dc', '3e8451af-cbaa-2f6f-7e66-0067c3ee18ff', 'Cardenal Caro', true) ON CONFLICT (id) DO UPDATE SET name = EXCLUDED.name;
  INSERT INTO cities (id, region_id, name, is_active) VALUES ('ccf1a08e-4346-f3d8-6ba0-c4e465b8c22e', '649e0d1d-6193-ef0f-263b-258b64da2e8e', 'Curicó', true) ON CONFLICT (id) DO UPDATE SET name = EXCLUDED.name;
  INSERT INTO cities (id, region_id, name, is_active) VALUES ('0041aaa7-bb7e-e819-0f1f-eb7a34e04200', '649e0d1d-6193-ef0f-263b-258b64da2e8e', 'Talca', true) ON CONFLICT (id) DO UPDATE SET name = EXCLUDED.name;
  INSERT INTO cities (id, region_id, name, is_active) VALUES ('bf3beaa5-7d22-4e8a-0e24-ed2c9e2622c8', '649e0d1d-6193-ef0f-263b-258b64da2e8e', 'Linares', true) ON CONFLICT (id) DO UPDATE SET name = EXCLUDED.name;
  INSERT INTO cities (id, region_id, name, is_active) VALUES ('29a21efe-1eba-3cd4-2eb9-1ef93fbbab62', '649e0d1d-6193-ef0f-263b-258b64da2e8e', 'Cauquenes', true) ON CONFLICT (id) DO UPDATE SET name = EXCLUDED.name;
  INSERT INTO cities (id, region_id, name, is_active) VALUES ('743dbc1d-04e2-a1b6-14d1-484e96e55abb', '42a20c79-97f9-2540-517b-81038df893f7', 'Ñuble', true) ON CONFLICT (id) DO UPDATE SET name = EXCLUDED.name;
  INSERT INTO cities (id, region_id, name, is_active) VALUES ('0f087245-335a-18f5-ba55-9012be745bed', '42a20c79-97f9-2540-517b-81038df893f7', 'Bío Bío', true) ON CONFLICT (id) DO UPDATE SET name = EXCLUDED.name;
  INSERT INTO cities (id, region_id, name, is_active) VALUES ('06728e17-72b1-4acd-4061-b289d9943525', '42a20c79-97f9-2540-517b-81038df893f7', 'Concepción', true) ON CONFLICT (id) DO UPDATE SET name = EXCLUDED.name;
  INSERT INTO cities (id, region_id, name, is_active) VALUES ('50d11f85-e9d4-0cab-5cd0-2a1b0ed2e1de', '42a20c79-97f9-2540-517b-81038df893f7', 'Arauco', true) ON CONFLICT (id) DO UPDATE SET name = EXCLUDED.name;
  INSERT INTO cities (id, region_id, name, is_active) VALUES ('741cbb27-e80b-3432-154e-569efa00056f', '4013511a-2b27-acfc-68ec-396a7b3abf5c', 'Malleco', true) ON CONFLICT (id) DO UPDATE SET name = EXCLUDED.name;
  INSERT INTO cities (id, region_id, name, is_active) VALUES ('7a2bc0e9-0e14-bd61-91e9-4ad1f69ce1d1', '4013511a-2b27-acfc-68ec-396a7b3abf5c', 'Cautín', true) ON CONFLICT (id) DO UPDATE SET name = EXCLUDED.name;
  INSERT INTO cities (id, region_id, name, is_active) VALUES ('ab5b551e-2b2e-5719-18be-83c586c64866', 'b9e178db-ceb6-fe3e-14c4-de47bb2adcdd', 'Osorno', true) ON CONFLICT (id) DO UPDATE SET name = EXCLUDED.name;
  INSERT INTO cities (id, region_id, name, is_active) VALUES ('d20787f9-5239-e7b1-d9e5-b6998258b24c', 'b9e178db-ceb6-fe3e-14c4-de47bb2adcdd', 'Llanquihue', true) ON CONFLICT (id) DO UPDATE SET name = EXCLUDED.name;
  INSERT INTO cities (id, region_id, name, is_active) VALUES ('0cabdbc1-b1f0-511b-02bd-508f06f3285f', 'b9e178db-ceb6-fe3e-14c4-de47bb2adcdd', 'Chiloé', true) ON CONFLICT (id) DO UPDATE SET name = EXCLUDED.name;
  INSERT INTO cities (id, region_id, name, is_active) VALUES ('e8a5c7da-1815-1acc-ee6e-36e40c8c74e2', 'b9e178db-ceb6-fe3e-14c4-de47bb2adcdd', 'Palena', true) ON CONFLICT (id) DO UPDATE SET name = EXCLUDED.name;
  INSERT INTO cities (id, region_id, name, is_active) VALUES ('2f88c82e-c192-41b2-63c3-8456dac6a817', '3100da17-4ac9-01fa-b2fc-d6bf4377fde7', 'Capitán Prat', true) ON CONFLICT (id) DO UPDATE SET name = EXCLUDED.name;
  INSERT INTO cities (id, region_id, name, is_active) VALUES ('5a76b8ca-fbf5-d366-a16c-b22ce1c7b5e4', '3100da17-4ac9-01fa-b2fc-d6bf4377fde7', 'Aysen', true) ON CONFLICT (id) DO UPDATE SET name = EXCLUDED.name;
  INSERT INTO cities (id, region_id, name, is_active) VALUES ('538d479b-4505-bdb2-068c-3ae2637c2137', '3100da17-4ac9-01fa-b2fc-d6bf4377fde7', 'Coihaique', true) ON CONFLICT (id) DO UPDATE SET name = EXCLUDED.name;
  INSERT INTO cities (id, region_id, name, is_active) VALUES ('79b9ef5b-32e8-eaac-b92e-beb00ef77522', '3100da17-4ac9-01fa-b2fc-d6bf4377fde7', 'General Carrera', true) ON CONFLICT (id) DO UPDATE SET name = EXCLUDED.name;
  INSERT INTO cities (id, region_id, name, is_active) VALUES ('7280c888-35c7-5f7b-de0f-db0177a69115', 'f354128e-3832-9a40-24fa-1d598388b363', 'Ultima Esperanza', true) ON CONFLICT (id) DO UPDATE SET name = EXCLUDED.name;
  INSERT INTO cities (id, region_id, name, is_active) VALUES ('efcd60c2-a284-f5cc-72a3-f8f14c340fe0', 'f354128e-3832-9a40-24fa-1d598388b363', 'Magallanes', true) ON CONFLICT (id) DO UPDATE SET name = EXCLUDED.name;
  INSERT INTO cities (id, region_id, name, is_active) VALUES ('7762cc93-9fdb-b596-5666-e5b62944ce8a', 'f354128e-3832-9a40-24fa-1d598388b363', 'Tierra del Fuego', true) ON CONFLICT (id) DO UPDATE SET name = EXCLUDED.name;
  INSERT INTO cities (id, region_id, name, is_active) VALUES ('ec6ac25e-3f58-1521-c0f5-d17d4d0b2650', 'f354128e-3832-9a40-24fa-1d598388b363', 'Antártica Chilena', true) ON CONFLICT (id) DO UPDATE SET name = EXCLUDED.name;
  INSERT INTO cities (id, region_id, name, is_active) VALUES ('8c578ccd-3637-a0df-0644-146d307edae0', '625fe6e8-313f-1082-a162-e013dd960536', 'Santiago', true) ON CONFLICT (id) DO UPDATE SET name = EXCLUDED.name;
  INSERT INTO cities (id, region_id, name, is_active) VALUES ('802cb09a-bc1a-53a4-7b7d-b15e1b5adff2', '625fe6e8-313f-1082-a162-e013dd960536', 'Cordillera', true) ON CONFLICT (id) DO UPDATE SET name = EXCLUDED.name;
  INSERT INTO cities (id, region_id, name, is_active) VALUES ('06386006-1925-a3c5-dbcc-c73139d289fc', '625fe6e8-313f-1082-a162-e013dd960536', 'Melipilla', true) ON CONFLICT (id) DO UPDATE SET name = EXCLUDED.name;
  INSERT INTO cities (id, region_id, name, is_active) VALUES ('89e4993f-c694-32e3-d0e5-9e8c6f812833', '625fe6e8-313f-1082-a162-e013dd960536', 'Talagante', true) ON CONFLICT (id) DO UPDATE SET name = EXCLUDED.name;
  INSERT INTO cities (id, region_id, name, is_active) VALUES ('339c2a5f-8037-5cb0-0e39-896ac74bda91', '625fe6e8-313f-1082-a162-e013dd960536', 'Maipo', true) ON CONFLICT (id) DO UPDATE SET name = EXCLUDED.name;
  INSERT INTO cities (id, region_id, name, is_active) VALUES ('9227c624-79d3-b53f-fc5c-7a99c615eef5', '625fe6e8-313f-1082-a162-e013dd960536', 'Chacabuco', true) ON CONFLICT (id) DO UPDATE SET name = EXCLUDED.name;
  INSERT INTO cities (id, region_id, name, is_active) VALUES ('c300529b-bea6-f38e-35c5-9f8fe0e929ad', '9b1f9383-ef49-f172-d6ee-ee3f2a00c3a7', 'Valdivia', true) ON CONFLICT (id) DO UPDATE SET name = EXCLUDED.name;
  INSERT INTO cities (id, region_id, name, is_active) VALUES ('06930999-a970-2c64-268c-e41b8ca2ac89', '9b1f9383-ef49-f172-d6ee-ee3f2a00c3a7', 'Ranco', true) ON CONFLICT (id) DO UPDATE SET name = EXCLUDED.name;
  INSERT INTO cities (id, region_id, name, is_active) VALUES ('7467b26e-5386-3dc9-62b4-5561fd0a818e', 'ba57ef5d-845b-dfb0-166f-351adad9a223', 'Arica', true) ON CONFLICT (id) DO UPDATE SET name = EXCLUDED.name;
  INSERT INTO cities (id, region_id, name, is_active) VALUES ('cddda357-2fee-66c3-4c5d-1dcd6a676670', 'ba57ef5d-845b-dfb0-166f-351adad9a223', 'Parinacota', true) ON CONFLICT (id) DO UPDATE SET name = EXCLUDED.name;
  INSERT INTO cities (id, region_id, name, is_active) VALUES ('f6c49f43-3a69-48ee-5a74-f0516dc5c9b9', 'ff6c2617-4d96-232c-3dc2-db07360e9df8', 'Perú', true) ON CONFLICT (id) DO UPDATE SET name = EXCLUDED.name;

  -- Insert communes (347)
  INSERT INTO communes (id, city_id, name, is_active) VALUES ('5886585b-a680-4b58-d078-c6e5216f2d2b', '83419308-b617-df1d-25ea-3188a9c4d704', 'Iquique', true) ON CONFLICT (id) DO UPDATE SET name = EXCLUDED.name;
  INSERT INTO communes (id, city_id, name, is_active) VALUES ('20d5f4bd-7377-f278-cadc-1cff01e5ab4e', '83419308-b617-df1d-25ea-3188a9c4d704', 'Alto Hospicio', true) ON CONFLICT (id) DO UPDATE SET name = EXCLUDED.name;
  INSERT INTO communes (id, city_id, name, is_active) VALUES ('612315cb-e511-4fdc-4fcd-c17d8728ab42', '83419308-b617-df1d-25ea-3188a9c4d704', 'Pica', true) ON CONFLICT (id) DO UPDATE SET name = EXCLUDED.name;
  INSERT INTO communes (id, city_id, name, is_active) VALUES ('fffe8ef0-4765-b051-4be3-5bedfd1c73d1', '83419308-b617-df1d-25ea-3188a9c4d704', 'Pozo Almonte', true) ON CONFLICT (id) DO UPDATE SET name = EXCLUDED.name;
  INSERT INTO communes (id, city_id, name, is_active) VALUES ('60f96f07-8277-f8ec-3a4b-b509ae5817b3', '83419308-b617-df1d-25ea-3188a9c4d704', 'Huara', true) ON CONFLICT (id) DO UPDATE SET name = EXCLUDED.name;
  INSERT INTO communes (id, city_id, name, is_active) VALUES ('e8f293f8-226a-6b4a-dd58-8ddd46621650', '83419308-b617-df1d-25ea-3188a9c4d704', 'Camiña', true) ON CONFLICT (id) DO UPDATE SET name = EXCLUDED.name;
  INSERT INTO communes (id, city_id, name, is_active) VALUES ('43b59cba-0a69-1975-d090-92559d257a53', '83419308-b617-df1d-25ea-3188a9c4d704', 'Colchane', true) ON CONFLICT (id) DO UPDATE SET name = EXCLUDED.name;
  INSERT INTO communes (id, city_id, name, is_active) VALUES ('1c9da827-e9cf-2f6b-455a-9ad38956e2de', '87db340b-ec19-627a-6b25-416ddf274026', 'Tocopilla', true) ON CONFLICT (id) DO UPDATE SET name = EXCLUDED.name;
  INSERT INTO communes (id, city_id, name, is_active) VALUES ('f2a39db7-ed37-fd65-60ca-5211b4ac37e8', '87db340b-ec19-627a-6b25-416ddf274026', 'María Elena', true) ON CONFLICT (id) DO UPDATE SET name = EXCLUDED.name;
  INSERT INTO communes (id, city_id, name, is_active) VALUES ('7c7f712b-cc5f-8d9a-1588-6dc64d40d414', '07977f0e-ad14-b16f-08da-f8aa67f54218', 'Calama', true) ON CONFLICT (id) DO UPDATE SET name = EXCLUDED.name;
  INSERT INTO communes (id, city_id, name, is_active) VALUES ('01c51232-d70b-3a63-7d1a-692b3f8666e8', '07977f0e-ad14-b16f-08da-f8aa67f54218', 'Ollague', true) ON CONFLICT (id) DO UPDATE SET name = EXCLUDED.name;
  INSERT INTO communes (id, city_id, name, is_active) VALUES ('294fc5da-24a8-5785-5dbf-27f3a23a3955', '07977f0e-ad14-b16f-08da-f8aa67f54218', 'San Pedro de Atacama', true) ON CONFLICT (id) DO UPDATE SET name = EXCLUDED.name;
  INSERT INTO communes (id, city_id, name, is_active) VALUES ('777f4c21-6ee3-6ee6-86c0-fdb2334d2042', '5b1c67ae-7661-012c-11ce-beb393a05b89', 'Antofagasta', true) ON CONFLICT (id) DO UPDATE SET name = EXCLUDED.name;
  INSERT INTO communes (id, city_id, name, is_active) VALUES ('bf204f65-3383-94bc-481a-0481616b89d2', '5b1c67ae-7661-012c-11ce-beb393a05b89', 'Mejillones', true) ON CONFLICT (id) DO UPDATE SET name = EXCLUDED.name;
  INSERT INTO communes (id, city_id, name, is_active) VALUES ('4805d59b-30c3-63dc-8ab7-6a676f42aa8b', '5b1c67ae-7661-012c-11ce-beb393a05b89', 'Sierra Gorda', true) ON CONFLICT (id) DO UPDATE SET name = EXCLUDED.name;
  INSERT INTO communes (id, city_id, name, is_active) VALUES ('4b23709b-f334-1475-8580-ed67ac02db41', '5b1c67ae-7661-012c-11ce-beb393a05b89', 'Taltal', true) ON CONFLICT (id) DO UPDATE SET name = EXCLUDED.name;
  INSERT INTO communes (id, city_id, name, is_active) VALUES ('bd743918-6fd2-8727-8577-eefbb6e5cb0c', '0f782d98-8f9c-9018-68ca-28baa1cfe6d2', 'Chañaral', true) ON CONFLICT (id) DO UPDATE SET name = EXCLUDED.name;
  INSERT INTO communes (id, city_id, name, is_active) VALUES ('63f3806a-6050-065c-a394-b8a3d0eae10c', '0f782d98-8f9c-9018-68ca-28baa1cfe6d2', 'Diego de Almagro', true) ON CONFLICT (id) DO UPDATE SET name = EXCLUDED.name;
  INSERT INTO communes (id, city_id, name, is_active) VALUES ('46c9e77d-1115-c0ce-fe2d-dfba49ccea9f', '80cdc18c-a0ab-3311-c1ff-405a02fdc0dc', 'Copiapó', true) ON CONFLICT (id) DO UPDATE SET name = EXCLUDED.name;
  INSERT INTO communes (id, city_id, name, is_active) VALUES ('fd5ee61b-6ec4-20c3-ef48-60b2b3f8c1ac', '80cdc18c-a0ab-3311-c1ff-405a02fdc0dc', 'Caldera', true) ON CONFLICT (id) DO UPDATE SET name = EXCLUDED.name;
  INSERT INTO communes (id, city_id, name, is_active) VALUES ('dcc493f4-3169-a304-8e50-2990ac0ad8ef', '80cdc18c-a0ab-3311-c1ff-405a02fdc0dc', 'Tierra Amarilla', true) ON CONFLICT (id) DO UPDATE SET name = EXCLUDED.name;
  INSERT INTO communes (id, city_id, name, is_active) VALUES ('23f4ad8b-14e2-a3b1-25dd-40c324d9b995', '139b1177-d397-31f9-d4c1-d434a6e99b73', 'Vallenar', true) ON CONFLICT (id) DO UPDATE SET name = EXCLUDED.name;
  INSERT INTO communes (id, city_id, name, is_active) VALUES ('d6e2187b-2fe9-9dfd-4ed2-150fa2468180', '139b1177-d397-31f9-d4c1-d434a6e99b73', 'Freirina', true) ON CONFLICT (id) DO UPDATE SET name = EXCLUDED.name;
  INSERT INTO communes (id, city_id, name, is_active) VALUES ('234e2a3b-3d8f-aece-5ffd-93568da94cec', '139b1177-d397-31f9-d4c1-d434a6e99b73', 'Huasco', true) ON CONFLICT (id) DO UPDATE SET name = EXCLUDED.name;
  INSERT INTO communes (id, city_id, name, is_active) VALUES ('a09a3399-1cb1-8f6c-debb-79218869645f', '139b1177-d397-31f9-d4c1-d434a6e99b73', 'Alto del Carmen', true) ON CONFLICT (id) DO UPDATE SET name = EXCLUDED.name;
  INSERT INTO communes (id, city_id, name, is_active) VALUES ('b8b528e9-ea9e-3259-cb87-e3479c819029', 'a74bc721-45ca-d077-676d-a9076ca392b5', 'La Serena', true) ON CONFLICT (id) DO UPDATE SET name = EXCLUDED.name;
  INSERT INTO communes (id, city_id, name, is_active) VALUES ('ca3b18ae-b2d2-ab3d-a895-b570c4e4ef96', 'a74bc721-45ca-d077-676d-a9076ca392b5', 'La Higuera', true) ON CONFLICT (id) DO UPDATE SET name = EXCLUDED.name;
  INSERT INTO communes (id, city_id, name, is_active) VALUES ('a0e18239-dde7-e231-27f9-83ed60467d23', 'a74bc721-45ca-d077-676d-a9076ca392b5', 'Coquimbo', true) ON CONFLICT (id) DO UPDATE SET name = EXCLUDED.name;
  INSERT INTO communes (id, city_id, name, is_active) VALUES ('2e588e18-bcf4-0100-437f-2d35e93d50aa', 'a74bc721-45ca-d077-676d-a9076ca392b5', 'Andacollo', true) ON CONFLICT (id) DO UPDATE SET name = EXCLUDED.name;
  INSERT INTO communes (id, city_id, name, is_active) VALUES ('030b319c-e74a-ad15-d1c7-71a2d0805eb4', 'a74bc721-45ca-d077-676d-a9076ca392b5', 'Vicuña', true) ON CONFLICT (id) DO UPDATE SET name = EXCLUDED.name;
  INSERT INTO communes (id, city_id, name, is_active) VALUES ('4c57f0bd-e6b9-bba7-702e-f6bd0f086a9d', 'a74bc721-45ca-d077-676d-a9076ca392b5', 'Paihuano', true) ON CONFLICT (id) DO UPDATE SET name = EXCLUDED.name;
  INSERT INTO communes (id, city_id, name, is_active) VALUES ('32a8e0d4-2d83-29ea-6c2e-cbed8518cfc6', '9043c936-b17d-f7b8-b99a-c2315e9064a7', 'Ovalle', true) ON CONFLICT (id) DO UPDATE SET name = EXCLUDED.name;
  INSERT INTO communes (id, city_id, name, is_active) VALUES ('819fe6bb-98a8-b1eb-b9c2-ea23df694461', '9043c936-b17d-f7b8-b99a-c2315e9064a7', 'Río Hurtado', true) ON CONFLICT (id) DO UPDATE SET name = EXCLUDED.name;
  INSERT INTO communes (id, city_id, name, is_active) VALUES ('b8b2b3f6-cf3e-9701-f119-35c2b02ef3ca', '9043c936-b17d-f7b8-b99a-c2315e9064a7', 'Monte Patria', true) ON CONFLICT (id) DO UPDATE SET name = EXCLUDED.name;
  INSERT INTO communes (id, city_id, name, is_active) VALUES ('6372ba90-e09c-e213-280d-93838e8c05c4', '9043c936-b17d-f7b8-b99a-c2315e9064a7', 'Combarbalá', true) ON CONFLICT (id) DO UPDATE SET name = EXCLUDED.name;
  INSERT INTO communes (id, city_id, name, is_active) VALUES ('055ba42f-5432-e884-fb73-45095c6a0fc3', '9043c936-b17d-f7b8-b99a-c2315e9064a7', 'Punitaqui', true) ON CONFLICT (id) DO UPDATE SET name = EXCLUDED.name;
  INSERT INTO communes (id, city_id, name, is_active) VALUES ('5845199a-b094-47b0-2dab-186c5e410617', '1eb1f770-efb4-700a-841c-b18b7f5b0e0c', 'Illapel', true) ON CONFLICT (id) DO UPDATE SET name = EXCLUDED.name;
  INSERT INTO communes (id, city_id, name, is_active) VALUES ('aa408af3-88d0-4f5c-2ae8-df3839630eba', '1eb1f770-efb4-700a-841c-b18b7f5b0e0c', 'Salamanca', true) ON CONFLICT (id) DO UPDATE SET name = EXCLUDED.name;
  INSERT INTO communes (id, city_id, name, is_active) VALUES ('7d3a9072-1939-a8ca-0adf-726682f79212', '1eb1f770-efb4-700a-841c-b18b7f5b0e0c', 'Los Vilos', true) ON CONFLICT (id) DO UPDATE SET name = EXCLUDED.name;
  INSERT INTO communes (id, city_id, name, is_active) VALUES ('908444e7-3641-a8d9-9b53-a6d7f6b56b5b', '1eb1f770-efb4-700a-841c-b18b7f5b0e0c', 'Canela', true) ON CONFLICT (id) DO UPDATE SET name = EXCLUDED.name;
  INSERT INTO communes (id, city_id, name, is_active) VALUES ('a0897366-9f55-22de-3285-be06037359bf', '3e21ade9-0041-7609-253b-215ac10648fe', 'Valparaíso', true) ON CONFLICT (id) DO UPDATE SET name = EXCLUDED.name;
  INSERT INTO communes (id, city_id, name, is_active) VALUES ('46470267-1083-62d0-b7e9-654c31c96ce2', '3e21ade9-0041-7609-253b-215ac10648fe', 'Casablanca', true) ON CONFLICT (id) DO UPDATE SET name = EXCLUDED.name;
  INSERT INTO communes (id, city_id, name, is_active) VALUES ('89858fbe-9f64-23ac-4d9b-588dd665577d', '3e21ade9-0041-7609-253b-215ac10648fe', 'Concon', true) ON CONFLICT (id) DO UPDATE SET name = EXCLUDED.name;
  INSERT INTO communes (id, city_id, name, is_active) VALUES ('07d48778-52a4-f6b0-53b6-120f23b37d3b', '3e21ade9-0041-7609-253b-215ac10648fe', 'Juan Fernández', true) ON CONFLICT (id) DO UPDATE SET name = EXCLUDED.name;
  INSERT INTO communes (id, city_id, name, is_active) VALUES ('4ca8f193-036d-c42e-99a0-30b068064702', '3e21ade9-0041-7609-253b-215ac10648fe', 'Puchuncaví', true) ON CONFLICT (id) DO UPDATE SET name = EXCLUDED.name;
  INSERT INTO communes (id, city_id, name, is_active) VALUES ('71fddef3-2ada-1c80-0708-1703e1be7f25', '3e21ade9-0041-7609-253b-215ac10648fe', 'Quilpué', true) ON CONFLICT (id) DO UPDATE SET name = EXCLUDED.name;
  INSERT INTO communes (id, city_id, name, is_active) VALUES ('8523d2b1-5227-beb7-7a94-d9ed5e0e305c', '3e21ade9-0041-7609-253b-215ac10648fe', 'Quintero', true) ON CONFLICT (id) DO UPDATE SET name = EXCLUDED.name;
  INSERT INTO communes (id, city_id, name, is_active) VALUES ('ad88671e-3a69-e93c-0cf3-6873151cae37', '3e21ade9-0041-7609-253b-215ac10648fe', 'Villa Alemana', true) ON CONFLICT (id) DO UPDATE SET name = EXCLUDED.name;
  INSERT INTO communes (id, city_id, name, is_active) VALUES ('09843c69-9306-3aea-fa20-bacd1d3ed763', '3e21ade9-0041-7609-253b-215ac10648fe', 'Viña del Mar', true) ON CONFLICT (id) DO UPDATE SET name = EXCLUDED.name;
  INSERT INTO communes (id, city_id, name, is_active) VALUES ('21bc784f-caa8-86c7-d625-0b012a586a1b', '708c1d73-a380-672a-8ca5-2a6fe1406fbf', 'Petorca', true) ON CONFLICT (id) DO UPDATE SET name = EXCLUDED.name;
  INSERT INTO communes (id, city_id, name, is_active) VALUES ('d946f123-7a94-05b7-a580-3a2aa60e5d4f', '708c1d73-a380-672a-8ca5-2a6fe1406fbf', 'La Ligua', true) ON CONFLICT (id) DO UPDATE SET name = EXCLUDED.name;
  INSERT INTO communes (id, city_id, name, is_active) VALUES ('e97de066-bc0d-4eee-ee8a-2054533854f1', '708c1d73-a380-672a-8ca5-2a6fe1406fbf', 'Cabildo', true) ON CONFLICT (id) DO UPDATE SET name = EXCLUDED.name;
  INSERT INTO communes (id, city_id, name, is_active) VALUES ('b3c62526-d102-2298-bb97-a4727038d53c', '708c1d73-a380-672a-8ca5-2a6fe1406fbf', 'Papudo', true) ON CONFLICT (id) DO UPDATE SET name = EXCLUDED.name;
  INSERT INTO communes (id, city_id, name, is_active) VALUES ('8118b95a-dbec-a3f7-9a02-ef1e06f5ad33', '708c1d73-a380-672a-8ca5-2a6fe1406fbf', 'Zapallar', true) ON CONFLICT (id) DO UPDATE SET name = EXCLUDED.name;
  INSERT INTO communes (id, city_id, name, is_active) VALUES ('5d8a9519-aa8c-d9c1-5356-28b460433afd', '9299b6bb-c5c3-dae9-962d-94aaf9aa1633', 'Los Andes', true) ON CONFLICT (id) DO UPDATE SET name = EXCLUDED.name;
  INSERT INTO communes (id, city_id, name, is_active) VALUES ('6f8a3d89-ab8c-1146-2104-89b7eedc6753', '9299b6bb-c5c3-dae9-962d-94aaf9aa1633', 'San Esteban', true) ON CONFLICT (id) DO UPDATE SET name = EXCLUDED.name;
  INSERT INTO communes (id, city_id, name, is_active) VALUES ('2bf99e3f-b657-0d70-8aab-2277bf4db4a1', '9299b6bb-c5c3-dae9-962d-94aaf9aa1633', 'Calle Larga', true) ON CONFLICT (id) DO UPDATE SET name = EXCLUDED.name;
  INSERT INTO communes (id, city_id, name, is_active) VALUES ('d12b5e2d-81e5-cd53-31fb-eebc7a8c07ef', '9299b6bb-c5c3-dae9-962d-94aaf9aa1633', 'Rinconada', true) ON CONFLICT (id) DO UPDATE SET name = EXCLUDED.name;
  INSERT INTO communes (id, city_id, name, is_active) VALUES ('cfd28404-c87e-5141-f2ea-9ba293ff11bd', '6b6820cf-009f-35fa-38b8-c41f3eb6a705', 'San Felipe', true) ON CONFLICT (id) DO UPDATE SET name = EXCLUDED.name;
  INSERT INTO communes (id, city_id, name, is_active) VALUES ('e13656d4-a92b-3382-3ed0-07efbcc5b586', '6b6820cf-009f-35fa-38b8-c41f3eb6a705', 'Catemu', true) ON CONFLICT (id) DO UPDATE SET name = EXCLUDED.name;
  INSERT INTO communes (id, city_id, name, is_active) VALUES ('cecc86d9-1e02-db89-6857-6ed092518a34', '6b6820cf-009f-35fa-38b8-c41f3eb6a705', 'Llay Llay', true) ON CONFLICT (id) DO UPDATE SET name = EXCLUDED.name;
  INSERT INTO communes (id, city_id, name, is_active) VALUES ('15bced96-21f1-dc62-5d25-4618c374c68a', '6b6820cf-009f-35fa-38b8-c41f3eb6a705', 'Panquehue', true) ON CONFLICT (id) DO UPDATE SET name = EXCLUDED.name;
  INSERT INTO communes (id, city_id, name, is_active) VALUES ('063f0eb2-362c-42b4-80c6-0cb18eff196b', '6b6820cf-009f-35fa-38b8-c41f3eb6a705', 'Putaendo', true) ON CONFLICT (id) DO UPDATE SET name = EXCLUDED.name;
  INSERT INTO communes (id, city_id, name, is_active) VALUES ('9d193499-d850-5579-a593-c7e5e91d5998', '6b6820cf-009f-35fa-38b8-c41f3eb6a705', 'Santa María', true) ON CONFLICT (id) DO UPDATE SET name = EXCLUDED.name;
  INSERT INTO communes (id, city_id, name, is_active) VALUES ('1ae2977f-26ee-1ea3-9f0f-17ee17939b21', '943f722b-e7cb-d9f5-c393-bc786c5c5838', 'Quillota', true) ON CONFLICT (id) DO UPDATE SET name = EXCLUDED.name;
  INSERT INTO communes (id, city_id, name, is_active) VALUES ('4c8975d4-01d2-b222-f16f-5f82e8946304', '943f722b-e7cb-d9f5-c393-bc786c5c5838', 'La Calera', true) ON CONFLICT (id) DO UPDATE SET name = EXCLUDED.name;
  INSERT INTO communes (id, city_id, name, is_active) VALUES ('7c4fb814-7067-2645-e952-d41a7afec2c9', '943f722b-e7cb-d9f5-c393-bc786c5c5838', 'Hijuelas', true) ON CONFLICT (id) DO UPDATE SET name = EXCLUDED.name;
  INSERT INTO communes (id, city_id, name, is_active) VALUES ('5213c476-b4fd-d004-197b-5f5208c3cf42', '943f722b-e7cb-d9f5-c393-bc786c5c5838', 'Limache', true) ON CONFLICT (id) DO UPDATE SET name = EXCLUDED.name;
  INSERT INTO communes (id, city_id, name, is_active) VALUES ('cb97e37b-266d-526e-9782-71c15c13f667', '943f722b-e7cb-d9f5-c393-bc786c5c5838', 'La Cruz', true) ON CONFLICT (id) DO UPDATE SET name = EXCLUDED.name;
  INSERT INTO communes (id, city_id, name, is_active) VALUES ('39286f42-b894-b0e2-ae8c-827c115ee7dd', '943f722b-e7cb-d9f5-c393-bc786c5c5838', 'Nogales', true) ON CONFLICT (id) DO UPDATE SET name = EXCLUDED.name;
  INSERT INTO communes (id, city_id, name, is_active) VALUES ('0d86659a-abd9-65c3-b555-3241583cf0bd', '943f722b-e7cb-d9f5-c393-bc786c5c5838', 'Olmué', true) ON CONFLICT (id) DO UPDATE SET name = EXCLUDED.name;
  INSERT INTO communes (id, city_id, name, is_active) VALUES ('635f190f-426d-f334-f35c-bfe7b8dc1e58', '615392db-1cc9-5ac1-6ebb-3fd79cf5f7d7', 'San Antonio', true) ON CONFLICT (id) DO UPDATE SET name = EXCLUDED.name;
  INSERT INTO communes (id, city_id, name, is_active) VALUES ('21272af2-e634-ae8f-9d09-7ca2a025ff8a', '615392db-1cc9-5ac1-6ebb-3fd79cf5f7d7', 'Algarrobo', true) ON CONFLICT (id) DO UPDATE SET name = EXCLUDED.name;
  INSERT INTO communes (id, city_id, name, is_active) VALUES ('a27308c8-9f87-a008-395f-4964b1e853ec', '615392db-1cc9-5ac1-6ebb-3fd79cf5f7d7', 'Cartagena', true) ON CONFLICT (id) DO UPDATE SET name = EXCLUDED.name;
  INSERT INTO communes (id, city_id, name, is_active) VALUES ('30e7dbba-b823-49aa-e7e6-a6844dbd4c1c', '615392db-1cc9-5ac1-6ebb-3fd79cf5f7d7', 'El Quisco', true) ON CONFLICT (id) DO UPDATE SET name = EXCLUDED.name;
  INSERT INTO communes (id, city_id, name, is_active) VALUES ('8ad17131-de60-2d55-5886-73f88436fd24', '615392db-1cc9-5ac1-6ebb-3fd79cf5f7d7', 'El Tabo', true) ON CONFLICT (id) DO UPDATE SET name = EXCLUDED.name;
  INSERT INTO communes (id, city_id, name, is_active) VALUES ('8d4bd309-fad6-68a4-b103-ad206c72d76f', '615392db-1cc9-5ac1-6ebb-3fd79cf5f7d7', 'Santo Domingo', true) ON CONFLICT (id) DO UPDATE SET name = EXCLUDED.name;
  INSERT INTO communes (id, city_id, name, is_active) VALUES ('1e133086-2486-7619-cb79-7dafcb725751', '7f213326-b45a-6329-2d8e-d00e27cf1b61', 'Isla de Pascua', true) ON CONFLICT (id) DO UPDATE SET name = EXCLUDED.name;
  INSERT INTO communes (id, city_id, name, is_active) VALUES ('f719b06e-4655-a038-6638-6ccae3671506', 'd62a0dbd-c372-b0c4-a6da-272c23c8b37f', 'Rancagua', true) ON CONFLICT (id) DO UPDATE SET name = EXCLUDED.name;
  INSERT INTO communes (id, city_id, name, is_active) VALUES ('a6e84847-1429-4725-839f-9a554ff8fa2b', 'd62a0dbd-c372-b0c4-a6da-272c23c8b37f', 'Codegua', true) ON CONFLICT (id) DO UPDATE SET name = EXCLUDED.name;
  INSERT INTO communes (id, city_id, name, is_active) VALUES ('a697eced-0503-0564-a854-14c0889ae2f9', 'd62a0dbd-c372-b0c4-a6da-272c23c8b37f', 'Coinco', true) ON CONFLICT (id) DO UPDATE SET name = EXCLUDED.name;
  INSERT INTO communes (id, city_id, name, is_active) VALUES ('57d2044f-3b60-61ae-9f78-8e6460a133a7', 'd62a0dbd-c372-b0c4-a6da-272c23c8b37f', 'Coltauco', true) ON CONFLICT (id) DO UPDATE SET name = EXCLUDED.name;
  INSERT INTO communes (id, city_id, name, is_active) VALUES ('0fb6626c-3c7b-5011-aa41-33bcc23b178e', 'd62a0dbd-c372-b0c4-a6da-272c23c8b37f', 'Doñihue', true) ON CONFLICT (id) DO UPDATE SET name = EXCLUDED.name;
  INSERT INTO communes (id, city_id, name, is_active) VALUES ('8a8d3a93-38a2-2d2a-1203-3a8e231369a7', 'd62a0dbd-c372-b0c4-a6da-272c23c8b37f', 'Graneros', true) ON CONFLICT (id) DO UPDATE SET name = EXCLUDED.name;
  INSERT INTO communes (id, city_id, name, is_active) VALUES ('b77eedc9-ed39-1fa4-c225-5b97dbf003b2', 'd62a0dbd-c372-b0c4-a6da-272c23c8b37f', 'Las Cabras', true) ON CONFLICT (id) DO UPDATE SET name = EXCLUDED.name;
  INSERT INTO communes (id, city_id, name, is_active) VALUES ('0d58bcfc-cdf7-75db-b68a-cff4c93a5052', 'd62a0dbd-c372-b0c4-a6da-272c23c8b37f', 'Mostazal', true) ON CONFLICT (id) DO UPDATE SET name = EXCLUDED.name;
  INSERT INTO communes (id, city_id, name, is_active) VALUES ('ea454298-a323-ec3a-6526-5da6ebbf8c3c', 'd62a0dbd-c372-b0c4-a6da-272c23c8b37f', 'Malloa', true) ON CONFLICT (id) DO UPDATE SET name = EXCLUDED.name;
  INSERT INTO communes (id, city_id, name, is_active) VALUES ('7cf4082d-49f7-2fad-0db0-b1f332edab60', 'd62a0dbd-c372-b0c4-a6da-272c23c8b37f', 'Olivar', true) ON CONFLICT (id) DO UPDATE SET name = EXCLUDED.name;
  INSERT INTO communes (id, city_id, name, is_active) VALUES ('94eec69d-0828-46cc-7259-f80c296a16ad', 'd62a0dbd-c372-b0c4-a6da-272c23c8b37f', 'Peumo', true) ON CONFLICT (id) DO UPDATE SET name = EXCLUDED.name;
  INSERT INTO communes (id, city_id, name, is_active) VALUES ('4ca06f66-fca9-de34-9cbb-a8bbf2c609e6', 'd62a0dbd-c372-b0c4-a6da-272c23c8b37f', 'Rengo', true) ON CONFLICT (id) DO UPDATE SET name = EXCLUDED.name;
  INSERT INTO communes (id, city_id, name, is_active) VALUES ('af47d0d1-53c4-0ece-5e16-854498c4dc72', 'd62a0dbd-c372-b0c4-a6da-272c23c8b37f', 'San Vicente', true) ON CONFLICT (id) DO UPDATE SET name = EXCLUDED.name;
  INSERT INTO communes (id, city_id, name, is_active) VALUES ('45b79c16-3cec-6daa-b9ee-3953a369d29b', 'd62a0dbd-c372-b0c4-a6da-272c23c8b37f', 'Machalí', true) ON CONFLICT (id) DO UPDATE SET name = EXCLUDED.name;
  INSERT INTO communes (id, city_id, name, is_active) VALUES ('b47d16a6-b4fd-1433-58d6-a722f179f25f', 'd62a0dbd-c372-b0c4-a6da-272c23c8b37f', 'Pichidegua', true) ON CONFLICT (id) DO UPDATE SET name = EXCLUDED.name;
  INSERT INTO communes (id, city_id, name, is_active) VALUES ('f9c2fa29-f5a7-f611-cbd8-72934f41c1ae', 'd62a0dbd-c372-b0c4-a6da-272c23c8b37f', 'Quinta de Tilcoco', true) ON CONFLICT (id) DO UPDATE SET name = EXCLUDED.name;
  INSERT INTO communes (id, city_id, name, is_active) VALUES ('f7ea29c4-4ca3-b4d0-71c7-f91fdc41c9e6', 'd62a0dbd-c372-b0c4-a6da-272c23c8b37f', 'Requinoa', true) ON CONFLICT (id) DO UPDATE SET name = EXCLUDED.name;
  INSERT INTO communes (id, city_id, name, is_active) VALUES ('208af686-886c-66d1-3a5a-2a63348e58c2', 'ee06d043-2cd9-e371-41cf-2affb5d7b4e3', 'San Fernando', true) ON CONFLICT (id) DO UPDATE SET name = EXCLUDED.name;
  INSERT INTO communes (id, city_id, name, is_active) VALUES ('33fc91ce-d48b-66de-11e6-50638342c743', 'ee06d043-2cd9-e371-41cf-2affb5d7b4e3', 'Chépica', true) ON CONFLICT (id) DO UPDATE SET name = EXCLUDED.name;
  INSERT INTO communes (id, city_id, name, is_active) VALUES ('d7d2cc66-5140-509e-b5e1-6ea3d7926e5f', 'ee06d043-2cd9-e371-41cf-2affb5d7b4e3', 'Chimbarongo', true) ON CONFLICT (id) DO UPDATE SET name = EXCLUDED.name;
  INSERT INTO communes (id, city_id, name, is_active) VALUES ('d3069eae-4a79-dee6-fdfe-0e8c5d31df7e', 'ee06d043-2cd9-e371-41cf-2affb5d7b4e3', 'Palmilla', true) ON CONFLICT (id) DO UPDATE SET name = EXCLUDED.name;
  INSERT INTO communes (id, city_id, name, is_active) VALUES ('a26d6e34-82ca-b396-6c20-7ba027ba7cac', 'ee06d043-2cd9-e371-41cf-2affb5d7b4e3', 'Peralillo', true) ON CONFLICT (id) DO UPDATE SET name = EXCLUDED.name;
  INSERT INTO communes (id, city_id, name, is_active) VALUES ('316a81fe-90ed-137b-b77e-d1d673322aee', 'ee06d043-2cd9-e371-41cf-2affb5d7b4e3', 'Placilla', true) ON CONFLICT (id) DO UPDATE SET name = EXCLUDED.name;
  INSERT INTO communes (id, city_id, name, is_active) VALUES ('b1fe8514-8bb7-7808-078f-b53c7210e370', 'ee06d043-2cd9-e371-41cf-2affb5d7b4e3', 'Pumanque', true) ON CONFLICT (id) DO UPDATE SET name = EXCLUDED.name;
  INSERT INTO communes (id, city_id, name, is_active) VALUES ('c9528574-77e6-20a3-bde8-ca88602d04b7', 'ee06d043-2cd9-e371-41cf-2affb5d7b4e3', 'Santa Cruz', true) ON CONFLICT (id) DO UPDATE SET name = EXCLUDED.name;
  INSERT INTO communes (id, city_id, name, is_active) VALUES ('cc0bd496-b67b-dc9a-3c34-5b6dc83243ac', 'ee06d043-2cd9-e371-41cf-2affb5d7b4e3', 'Lolol', true) ON CONFLICT (id) DO UPDATE SET name = EXCLUDED.name;
  INSERT INTO communes (id, city_id, name, is_active) VALUES ('bc3ae72c-8b42-9621-0bb5-c83b447bfa7e', 'ee06d043-2cd9-e371-41cf-2affb5d7b4e3', 'Nancagua', true) ON CONFLICT (id) DO UPDATE SET name = EXCLUDED.name;
  INSERT INTO communes (id, city_id, name, is_active) VALUES ('9767e780-8d9c-be77-6290-4d73427ebea7', '87bee238-c5f7-aa63-2541-df5dc06e35dc', 'Pichilemu', true) ON CONFLICT (id) DO UPDATE SET name = EXCLUDED.name;
  INSERT INTO communes (id, city_id, name, is_active) VALUES ('99e7ed19-4196-c944-e9a9-4bbeba1c97e4', '87bee238-c5f7-aa63-2541-df5dc06e35dc', 'La Estrella', true) ON CONFLICT (id) DO UPDATE SET name = EXCLUDED.name;
  INSERT INTO communes (id, city_id, name, is_active) VALUES ('df5bedb5-ede1-156a-3a7d-b24c52f74877', '87bee238-c5f7-aa63-2541-df5dc06e35dc', 'Litueche', true) ON CONFLICT (id) DO UPDATE SET name = EXCLUDED.name;
  INSERT INTO communes (id, city_id, name, is_active) VALUES ('dbcdbbf6-8337-e4e9-452a-bb9d533d8d59', '87bee238-c5f7-aa63-2541-df5dc06e35dc', 'Marchigue', true) ON CONFLICT (id) DO UPDATE SET name = EXCLUDED.name;
  INSERT INTO communes (id, city_id, name, is_active) VALUES ('1f086a37-a084-d624-34ef-6770900ac12d', '87bee238-c5f7-aa63-2541-df5dc06e35dc', 'Navidad', true) ON CONFLICT (id) DO UPDATE SET name = EXCLUDED.name;
  INSERT INTO communes (id, city_id, name, is_active) VALUES ('f4f66f92-3fac-b72b-b141-415c82699f7a', '87bee238-c5f7-aa63-2541-df5dc06e35dc', 'Paredones', true) ON CONFLICT (id) DO UPDATE SET name = EXCLUDED.name;
  INSERT INTO communes (id, city_id, name, is_active) VALUES ('1fd56f4a-f493-e7df-b9b8-0bd70ed3aa44', 'ccf1a08e-4346-f3d8-6ba0-c4e465b8c22e', 'Curicó', true) ON CONFLICT (id) DO UPDATE SET name = EXCLUDED.name;
  INSERT INTO communes (id, city_id, name, is_active) VALUES ('db959928-74b4-8f30-935d-624731ce2300', 'ccf1a08e-4346-f3d8-6ba0-c4e465b8c22e', 'Teno', true) ON CONFLICT (id) DO UPDATE SET name = EXCLUDED.name;
  INSERT INTO communes (id, city_id, name, is_active) VALUES ('7fd758c2-27e4-76a4-8801-454654eead5b', 'ccf1a08e-4346-f3d8-6ba0-c4e465b8c22e', 'Romeral', true) ON CONFLICT (id) DO UPDATE SET name = EXCLUDED.name;
  INSERT INTO communes (id, city_id, name, is_active) VALUES ('27388672-6d8f-8183-ad3c-a69b83b3d138', 'ccf1a08e-4346-f3d8-6ba0-c4e465b8c22e', 'Molina', true) ON CONFLICT (id) DO UPDATE SET name = EXCLUDED.name;
  INSERT INTO communes (id, city_id, name, is_active) VALUES ('8e0b09f7-1ec7-e427-66bb-010cbf0f5452', 'ccf1a08e-4346-f3d8-6ba0-c4e465b8c22e', 'Sagrada Familia', true) ON CONFLICT (id) DO UPDATE SET name = EXCLUDED.name;
  INSERT INTO communes (id, city_id, name, is_active) VALUES ('f6221f39-51e4-f517-aca9-f42770bd40cf', 'ccf1a08e-4346-f3d8-6ba0-c4e465b8c22e', 'Hualañé', true) ON CONFLICT (id) DO UPDATE SET name = EXCLUDED.name;
  INSERT INTO communes (id, city_id, name, is_active) VALUES ('e5a1be5a-061d-c39f-0a2e-989e010727e4', 'ccf1a08e-4346-f3d8-6ba0-c4e465b8c22e', 'Licantén', true) ON CONFLICT (id) DO UPDATE SET name = EXCLUDED.name;
  INSERT INTO communes (id, city_id, name, is_active) VALUES ('9ce2dac9-403d-810a-5bb3-89436ac23070', 'ccf1a08e-4346-f3d8-6ba0-c4e465b8c22e', 'Vichuquén', true) ON CONFLICT (id) DO UPDATE SET name = EXCLUDED.name;
  INSERT INTO communes (id, city_id, name, is_active) VALUES ('2c32f519-b646-783a-a61e-c0bb34f9bae6', 'ccf1a08e-4346-f3d8-6ba0-c4e465b8c22e', 'Rauco', true) ON CONFLICT (id) DO UPDATE SET name = EXCLUDED.name;
  INSERT INTO communes (id, city_id, name, is_active) VALUES ('f1fd47c7-cff5-987a-1395-3e6dc99182a3', '0041aaa7-bb7e-e819-0f1f-eb7a34e04200', 'Talca', true) ON CONFLICT (id) DO UPDATE SET name = EXCLUDED.name;
  INSERT INTO communes (id, city_id, name, is_active) VALUES ('df2a45a5-d878-ad26-0a82-119c9c5b616e', '0041aaa7-bb7e-e819-0f1f-eb7a34e04200', 'Pelarco', true) ON CONFLICT (id) DO UPDATE SET name = EXCLUDED.name;
  INSERT INTO communes (id, city_id, name, is_active) VALUES ('8af599ca-74a9-5177-e402-e64f1cd72522', '0041aaa7-bb7e-e819-0f1f-eb7a34e04200', 'Río Claro', true) ON CONFLICT (id) DO UPDATE SET name = EXCLUDED.name;
  INSERT INTO communes (id, city_id, name, is_active) VALUES ('aece6656-0f3f-a523-c7ad-fb6e564baf97', '0041aaa7-bb7e-e819-0f1f-eb7a34e04200', 'San Clemente', true) ON CONFLICT (id) DO UPDATE SET name = EXCLUDED.name;
  INSERT INTO communes (id, city_id, name, is_active) VALUES ('57801c33-df31-e247-bdef-6750402b3551', '0041aaa7-bb7e-e819-0f1f-eb7a34e04200', 'Maule', true) ON CONFLICT (id) DO UPDATE SET name = EXCLUDED.name;
  INSERT INTO communes (id, city_id, name, is_active) VALUES ('a03252fc-e9b5-c47f-f0f9-ec81fbe40ed4', '0041aaa7-bb7e-e819-0f1f-eb7a34e04200', 'San Rafael', true) ON CONFLICT (id) DO UPDATE SET name = EXCLUDED.name;
  INSERT INTO communes (id, city_id, name, is_active) VALUES ('28ac06ae-e1eb-f5de-235d-21f6e96976d6', '0041aaa7-bb7e-e819-0f1f-eb7a34e04200', 'Empedrado', true) ON CONFLICT (id) DO UPDATE SET name = EXCLUDED.name;
  INSERT INTO communes (id, city_id, name, is_active) VALUES ('2a1f36a5-eb14-5f6b-58d8-7ff0c794f018', '0041aaa7-bb7e-e819-0f1f-eb7a34e04200', 'Pencahue', true) ON CONFLICT (id) DO UPDATE SET name = EXCLUDED.name;
  INSERT INTO communes (id, city_id, name, is_active) VALUES ('b6836bcb-4685-211e-bf50-173282ff26ac', '0041aaa7-bb7e-e819-0f1f-eb7a34e04200', 'Constitución', true) ON CONFLICT (id) DO UPDATE SET name = EXCLUDED.name;
  INSERT INTO communes (id, city_id, name, is_active) VALUES ('df827e2b-d45f-2846-ed16-8821ca909b3f', '0041aaa7-bb7e-e819-0f1f-eb7a34e04200', 'Curepto', true) ON CONFLICT (id) DO UPDATE SET name = EXCLUDED.name;
  INSERT INTO communes (id, city_id, name, is_active) VALUES ('420fe247-29fc-9257-4c53-c437d88010f3', 'bf3beaa5-7d22-4e8a-0e24-ed2c9e2622c8', 'Linares', true) ON CONFLICT (id) DO UPDATE SET name = EXCLUDED.name;
  INSERT INTO communes (id, city_id, name, is_active) VALUES ('badd22ac-67a6-566f-f0f9-f0eb88448e4d', 'bf3beaa5-7d22-4e8a-0e24-ed2c9e2622c8', 'Yerbas Buenas', true) ON CONFLICT (id) DO UPDATE SET name = EXCLUDED.name;
  INSERT INTO communes (id, city_id, name, is_active) VALUES ('b1f11cba-f9f3-4e16-eb5f-161be603d6cb', 'bf3beaa5-7d22-4e8a-0e24-ed2c9e2622c8', 'Colbún', true) ON CONFLICT (id) DO UPDATE SET name = EXCLUDED.name;
  INSERT INTO communes (id, city_id, name, is_active) VALUES ('67d4b97f-af39-5cfe-4a4c-bb7019f0b988', 'bf3beaa5-7d22-4e8a-0e24-ed2c9e2622c8', 'Longaví', true) ON CONFLICT (id) DO UPDATE SET name = EXCLUDED.name;
  INSERT INTO communes (id, city_id, name, is_active) VALUES ('2c4af995-4c05-6f60-e62e-bc2e5fbea071', 'bf3beaa5-7d22-4e8a-0e24-ed2c9e2622c8', 'Parral', true) ON CONFLICT (id) DO UPDATE SET name = EXCLUDED.name;
  INSERT INTO communes (id, city_id, name, is_active) VALUES ('81bd6923-1d7e-ac5e-9dca-6783b100238a', 'bf3beaa5-7d22-4e8a-0e24-ed2c9e2622c8', 'Retiro', true) ON CONFLICT (id) DO UPDATE SET name = EXCLUDED.name;
  INSERT INTO communes (id, city_id, name, is_active) VALUES ('298ad104-c897-cf80-9cf2-714006ba1c9f', 'bf3beaa5-7d22-4e8a-0e24-ed2c9e2622c8', 'Villa Alegre', true) ON CONFLICT (id) DO UPDATE SET name = EXCLUDED.name;
  INSERT INTO communes (id, city_id, name, is_active) VALUES ('3a450a8a-af0f-1c72-4c83-c727a34d6761', 'bf3beaa5-7d22-4e8a-0e24-ed2c9e2622c8', 'San Javier', true) ON CONFLICT (id) DO UPDATE SET name = EXCLUDED.name;
  INSERT INTO communes (id, city_id, name, is_active) VALUES ('0e0181c9-358b-1fbb-2462-b77da3519f5c', '29a21efe-1eba-3cd4-2eb9-1ef93fbbab62', 'Cauquenes', true) ON CONFLICT (id) DO UPDATE SET name = EXCLUDED.name;
  INSERT INTO communes (id, city_id, name, is_active) VALUES ('801871e6-5989-081c-d854-668bb99515ad', '29a21efe-1eba-3cd4-2eb9-1ef93fbbab62', 'Pelluhue', true) ON CONFLICT (id) DO UPDATE SET name = EXCLUDED.name;
  INSERT INTO communes (id, city_id, name, is_active) VALUES ('aeb6224b-fa2a-810f-bc76-8530aa4a2339', '29a21efe-1eba-3cd4-2eb9-1ef93fbbab62', 'Chanco', true) ON CONFLICT (id) DO UPDATE SET name = EXCLUDED.name;
  INSERT INTO communes (id, city_id, name, is_active) VALUES ('3105c51b-f94e-5455-b1c5-b930a93ded20', '743dbc1d-04e2-a1b6-14d1-484e96e55abb', 'Chillán', true) ON CONFLICT (id) DO UPDATE SET name = EXCLUDED.name;
  INSERT INTO communes (id, city_id, name, is_active) VALUES ('89049162-ec20-2182-0ad0-ce7a45b6759b', '743dbc1d-04e2-a1b6-14d1-484e96e55abb', 'Bulnes', true) ON CONFLICT (id) DO UPDATE SET name = EXCLUDED.name;
  INSERT INTO communes (id, city_id, name, is_active) VALUES ('84aca362-6138-0d6d-3c14-fcc6446b0374', '743dbc1d-04e2-a1b6-14d1-484e96e55abb', 'Chillan Viejo', true) ON CONFLICT (id) DO UPDATE SET name = EXCLUDED.name;
  INSERT INTO communes (id, city_id, name, is_active) VALUES ('b68009c8-8af1-686c-d555-5ba355c3dc13', '743dbc1d-04e2-a1b6-14d1-484e96e55abb', 'Cobquecura', true) ON CONFLICT (id) DO UPDATE SET name = EXCLUDED.name;
  INSERT INTO communes (id, city_id, name, is_active) VALUES ('17a92302-4b09-4fa4-33f7-f47e62af1d09', '743dbc1d-04e2-a1b6-14d1-484e96e55abb', 'Coelemu', true) ON CONFLICT (id) DO UPDATE SET name = EXCLUDED.name;
  INSERT INTO communes (id, city_id, name, is_active) VALUES ('ed34c5f5-5b6f-0172-4d64-b19f3320008b', '743dbc1d-04e2-a1b6-14d1-484e96e55abb', 'Coihueco', true) ON CONFLICT (id) DO UPDATE SET name = EXCLUDED.name;
  INSERT INTO communes (id, city_id, name, is_active) VALUES ('ffe3b766-4730-6bb9-b404-362f0dc6a0a8', '743dbc1d-04e2-a1b6-14d1-484e96e55abb', 'El Carmen', true) ON CONFLICT (id) DO UPDATE SET name = EXCLUDED.name;
  INSERT INTO communes (id, city_id, name, is_active) VALUES ('f5ea1229-3f5a-cc50-f3a6-f37db58e16bd', '743dbc1d-04e2-a1b6-14d1-484e96e55abb', 'Ninhue', true) ON CONFLICT (id) DO UPDATE SET name = EXCLUDED.name;
  INSERT INTO communes (id, city_id, name, is_active) VALUES ('5f4a1813-6f76-4129-77d0-071763528150', '743dbc1d-04e2-a1b6-14d1-484e96e55abb', 'Ñiquén', true) ON CONFLICT (id) DO UPDATE SET name = EXCLUDED.name;
  INSERT INTO communes (id, city_id, name, is_active) VALUES ('1090a7a3-9077-5d7d-a9ef-845a4154ed69', '743dbc1d-04e2-a1b6-14d1-484e96e55abb', 'Pemuco', true) ON CONFLICT (id) DO UPDATE SET name = EXCLUDED.name;
  INSERT INTO communes (id, city_id, name, is_active) VALUES ('8737cb96-b1e5-2774-eddc-ed4f51af180e', '743dbc1d-04e2-a1b6-14d1-484e96e55abb', 'Pinto', true) ON CONFLICT (id) DO UPDATE SET name = EXCLUDED.name;
  INSERT INTO communes (id, city_id, name, is_active) VALUES ('88847aae-6fd8-b80f-f6c9-a72a5c592ebf', '743dbc1d-04e2-a1b6-14d1-484e96e55abb', 'Portezuelo', true) ON CONFLICT (id) DO UPDATE SET name = EXCLUDED.name;
  INSERT INTO communes (id, city_id, name, is_active) VALUES ('85dd6ff5-11ef-be83-b7bb-7500108f2490', '743dbc1d-04e2-a1b6-14d1-484e96e55abb', 'Quillón', true) ON CONFLICT (id) DO UPDATE SET name = EXCLUDED.name;
  INSERT INTO communes (id, city_id, name, is_active) VALUES ('fab6e42b-1580-9b41-94f3-98dc6bee181c', '743dbc1d-04e2-a1b6-14d1-484e96e55abb', 'Quirihue', true) ON CONFLICT (id) DO UPDATE SET name = EXCLUDED.name;
  INSERT INTO communes (id, city_id, name, is_active) VALUES ('295bb39e-2a3e-3c78-ce94-4684ba40a3d7', '743dbc1d-04e2-a1b6-14d1-484e96e55abb', 'Ranquil', true) ON CONFLICT (id) DO UPDATE SET name = EXCLUDED.name;
  INSERT INTO communes (id, city_id, name, is_active) VALUES ('67024fb1-5be9-56cb-fbfc-e2234fbd9e6b', '743dbc1d-04e2-a1b6-14d1-484e96e55abb', 'San Carlos', true) ON CONFLICT (id) DO UPDATE SET name = EXCLUDED.name;
  INSERT INTO communes (id, city_id, name, is_active) VALUES ('7d757c16-f841-a05b-5fc9-b8c26fc46768', '743dbc1d-04e2-a1b6-14d1-484e96e55abb', 'San Fabián', true) ON CONFLICT (id) DO UPDATE SET name = EXCLUDED.name;
  INSERT INTO communes (id, city_id, name, is_active) VALUES ('ed9c178e-094c-59de-1466-44f13207c27e', '743dbc1d-04e2-a1b6-14d1-484e96e55abb', 'San Ignacio', true) ON CONFLICT (id) DO UPDATE SET name = EXCLUDED.name;
  INSERT INTO communes (id, city_id, name, is_active) VALUES ('ad2a502c-307d-f423-98fd-76c458beac17', '743dbc1d-04e2-a1b6-14d1-484e96e55abb', 'San Nicolás', true) ON CONFLICT (id) DO UPDATE SET name = EXCLUDED.name;
  INSERT INTO communes (id, city_id, name, is_active) VALUES ('4a2c4b92-b580-4bec-563d-503279393312', '743dbc1d-04e2-a1b6-14d1-484e96e55abb', 'Trehuaco', true) ON CONFLICT (id) DO UPDATE SET name = EXCLUDED.name;
  INSERT INTO communes (id, city_id, name, is_active) VALUES ('8993c78a-2346-8586-ee57-24476c798616', '743dbc1d-04e2-a1b6-14d1-484e96e55abb', 'Yungay', true) ON CONFLICT (id) DO UPDATE SET name = EXCLUDED.name;
  INSERT INTO communes (id, city_id, name, is_active) VALUES ('e8ebb91d-b5d3-4d18-3405-a2569c966ab1', '0f087245-335a-18f5-ba55-9012be745bed', 'Los Angeles', true) ON CONFLICT (id) DO UPDATE SET name = EXCLUDED.name;
  INSERT INTO communes (id, city_id, name, is_active) VALUES ('90036030-c161-5676-e188-b72d622793af', '0f087245-335a-18f5-ba55-9012be745bed', 'Alto Bio Bio', true) ON CONFLICT (id) DO UPDATE SET name = EXCLUDED.name;
  INSERT INTO communes (id, city_id, name, is_active) VALUES ('7a349974-a294-fdca-99c8-50c8af6a3207', '0f087245-335a-18f5-ba55-9012be745bed', 'Antuco', true) ON CONFLICT (id) DO UPDATE SET name = EXCLUDED.name;
  INSERT INTO communes (id, city_id, name, is_active) VALUES ('115fb2ab-3e11-1f81-9066-2fdc0cfde270', '0f087245-335a-18f5-ba55-9012be745bed', 'Cabrero', true) ON CONFLICT (id) DO UPDATE SET name = EXCLUDED.name;
  INSERT INTO communes (id, city_id, name, is_active) VALUES ('ab60540d-e60d-389c-5945-15f976b34074', '0f087245-335a-18f5-ba55-9012be745bed', 'Laja', true) ON CONFLICT (id) DO UPDATE SET name = EXCLUDED.name;
  INSERT INTO communes (id, city_id, name, is_active) VALUES ('7bab393e-4822-a645-fade-16825f48b18a', '0f087245-335a-18f5-ba55-9012be745bed', 'Mulchén', true) ON CONFLICT (id) DO UPDATE SET name = EXCLUDED.name;
  INSERT INTO communes (id, city_id, name, is_active) VALUES ('75b3a60f-d883-cb70-a6c3-16f12d012bf4', '0f087245-335a-18f5-ba55-9012be745bed', 'Nacimiento', true) ON CONFLICT (id) DO UPDATE SET name = EXCLUDED.name;
  INSERT INTO communes (id, city_id, name, is_active) VALUES ('ae4def8b-dcaa-bd5b-bfae-8e8dd213aef3', '0f087245-335a-18f5-ba55-9012be745bed', 'Negrete', true) ON CONFLICT (id) DO UPDATE SET name = EXCLUDED.name;
  INSERT INTO communes (id, city_id, name, is_active) VALUES ('cbfd4003-e57f-a225-44dc-9b7b8b768938', '0f087245-335a-18f5-ba55-9012be745bed', 'Quilaco', true) ON CONFLICT (id) DO UPDATE SET name = EXCLUDED.name;
  INSERT INTO communes (id, city_id, name, is_active) VALUES ('ec5042bd-4824-1a7a-2f38-d6c5af677bc0', '0f087245-335a-18f5-ba55-9012be745bed', 'Quilleco', true) ON CONFLICT (id) DO UPDATE SET name = EXCLUDED.name;
  INSERT INTO communes (id, city_id, name, is_active) VALUES ('fae29fcc-c856-4c61-13ea-b4d0fcc2f907', '0f087245-335a-18f5-ba55-9012be745bed', 'Santa Bárbara', true) ON CONFLICT (id) DO UPDATE SET name = EXCLUDED.name;
  INSERT INTO communes (id, city_id, name, is_active) VALUES ('6db51fbe-f06a-d7ee-d9a5-dd93c9397662', '0f087245-335a-18f5-ba55-9012be745bed', 'San Rosendo', true) ON CONFLICT (id) DO UPDATE SET name = EXCLUDED.name;
  INSERT INTO communes (id, city_id, name, is_active) VALUES ('52c06cc2-1447-2dd7-1ac8-3d56e2b6a8f0', '0f087245-335a-18f5-ba55-9012be745bed', 'Tucapel', true) ON CONFLICT (id) DO UPDATE SET name = EXCLUDED.name;
  INSERT INTO communes (id, city_id, name, is_active) VALUES ('53092abd-7a5d-0a10-e9b9-7dc3aa117eeb', '0f087245-335a-18f5-ba55-9012be745bed', 'Yumbel', true) ON CONFLICT (id) DO UPDATE SET name = EXCLUDED.name;
  INSERT INTO communes (id, city_id, name, is_active) VALUES ('e3ac8f29-8db8-7997-c892-b035df72ab0e', '06728e17-72b1-4acd-4061-b289d9943525', 'Concepción', true) ON CONFLICT (id) DO UPDATE SET name = EXCLUDED.name;
  INSERT INTO communes (id, city_id, name, is_active) VALUES ('74c55272-bdb9-ca9a-77f7-a2f6b3c4f434', '06728e17-72b1-4acd-4061-b289d9943525', 'Chiguayante', true) ON CONFLICT (id) DO UPDATE SET name = EXCLUDED.name;
  INSERT INTO communes (id, city_id, name, is_active) VALUES ('c154b427-e485-e0d2-5a2b-92e152cdd2d6', '06728e17-72b1-4acd-4061-b289d9943525', 'Coronel', true) ON CONFLICT (id) DO UPDATE SET name = EXCLUDED.name;
  INSERT INTO communes (id, city_id, name, is_active) VALUES ('72093d0a-e27d-6a14-78da-ffa1a2d8a0cd', '06728e17-72b1-4acd-4061-b289d9943525', 'Florida', true) ON CONFLICT (id) DO UPDATE SET name = EXCLUDED.name;
  INSERT INTO communes (id, city_id, name, is_active) VALUES ('afddc5c1-d1dd-4ade-86b6-91ea676a5954', '06728e17-72b1-4acd-4061-b289d9943525', 'Hualpén', true) ON CONFLICT (id) DO UPDATE SET name = EXCLUDED.name;
  INSERT INTO communes (id, city_id, name, is_active) VALUES ('63f86575-e722-9e56-2ed0-12a294e5780f', '06728e17-72b1-4acd-4061-b289d9943525', 'Hualqui', true) ON CONFLICT (id) DO UPDATE SET name = EXCLUDED.name;
  INSERT INTO communes (id, city_id, name, is_active) VALUES ('8691f121-ffdc-e156-411c-45f7a1995a4e', '06728e17-72b1-4acd-4061-b289d9943525', 'Lota', true) ON CONFLICT (id) DO UPDATE SET name = EXCLUDED.name;
  INSERT INTO communes (id, city_id, name, is_active) VALUES ('35b8f0c0-bafd-484c-d6ef-9e8f42e48e5a', '06728e17-72b1-4acd-4061-b289d9943525', 'Penco', true) ON CONFLICT (id) DO UPDATE SET name = EXCLUDED.name;
  INSERT INTO communes (id, city_id, name, is_active) VALUES ('9331a49b-bf5b-60bb-c2d3-0b2ef7636ea9', '06728e17-72b1-4acd-4061-b289d9943525', 'San Pedro de la Paz', true) ON CONFLICT (id) DO UPDATE SET name = EXCLUDED.name;
  INSERT INTO communes (id, city_id, name, is_active) VALUES ('b79b826c-cc78-d54c-5499-8dc29d0ef9dd', '06728e17-72b1-4acd-4061-b289d9943525', 'Santa Juana', true) ON CONFLICT (id) DO UPDATE SET name = EXCLUDED.name;
  INSERT INTO communes (id, city_id, name, is_active) VALUES ('875cdd59-5927-3508-afc7-031a9c3b98b7', '06728e17-72b1-4acd-4061-b289d9943525', 'Talcahuano', true) ON CONFLICT (id) DO UPDATE SET name = EXCLUDED.name;
  INSERT INTO communes (id, city_id, name, is_active) VALUES ('d9ec4b9d-5869-a618-0b31-ae3bcee76ad0', '06728e17-72b1-4acd-4061-b289d9943525', 'Tomé', true) ON CONFLICT (id) DO UPDATE SET name = EXCLUDED.name;
  INSERT INTO communes (id, city_id, name, is_active) VALUES ('8e17e756-32a4-458a-fe08-de0c8227ab42', '50d11f85-e9d4-0cab-5cd0-2a1b0ed2e1de', 'Arauco', true) ON CONFLICT (id) DO UPDATE SET name = EXCLUDED.name;
  INSERT INTO communes (id, city_id, name, is_active) VALUES ('19150f1a-ad83-d08b-19ff-29328a6ac8ec', '50d11f85-e9d4-0cab-5cd0-2a1b0ed2e1de', 'Cañete', true) ON CONFLICT (id) DO UPDATE SET name = EXCLUDED.name;
  INSERT INTO communes (id, city_id, name, is_active) VALUES ('e652a405-5c5a-ac04-bebd-c805fc578453', '50d11f85-e9d4-0cab-5cd0-2a1b0ed2e1de', 'Contulmo', true) ON CONFLICT (id) DO UPDATE SET name = EXCLUDED.name;
  INSERT INTO communes (id, city_id, name, is_active) VALUES ('834dc6f3-8919-2bd1-46dd-067a508e76a1', '50d11f85-e9d4-0cab-5cd0-2a1b0ed2e1de', 'Curanilahue', true) ON CONFLICT (id) DO UPDATE SET name = EXCLUDED.name;
  INSERT INTO communes (id, city_id, name, is_active) VALUES ('1aba1a4f-70f0-00df-ba15-26b7feb5ffd1', '50d11f85-e9d4-0cab-5cd0-2a1b0ed2e1de', 'Lebu', true) ON CONFLICT (id) DO UPDATE SET name = EXCLUDED.name;
  INSERT INTO communes (id, city_id, name, is_active) VALUES ('f27e9d1e-4d5d-8894-b16e-a584f8f243a7', '50d11f85-e9d4-0cab-5cd0-2a1b0ed2e1de', 'Los Alamos', true) ON CONFLICT (id) DO UPDATE SET name = EXCLUDED.name;
  INSERT INTO communes (id, city_id, name, is_active) VALUES ('4fab6cc0-fd98-0555-50e8-4bdd34ba0ae2', '50d11f85-e9d4-0cab-5cd0-2a1b0ed2e1de', 'Tirua', true) ON CONFLICT (id) DO UPDATE SET name = EXCLUDED.name;
  INSERT INTO communes (id, city_id, name, is_active) VALUES ('0923cd1e-46c1-c3b5-e313-5496a3488a23', '741cbb27-e80b-3432-154e-569efa00056f', 'Angol', true) ON CONFLICT (id) DO UPDATE SET name = EXCLUDED.name;
  INSERT INTO communes (id, city_id, name, is_active) VALUES ('24ba976d-8fb6-0484-76ca-873853bc899a', '741cbb27-e80b-3432-154e-569efa00056f', 'Collipulli', true) ON CONFLICT (id) DO UPDATE SET name = EXCLUDED.name;
  INSERT INTO communes (id, city_id, name, is_active) VALUES ('aa4285dd-3ac9-ed3c-0935-fd6f356b308e', '741cbb27-e80b-3432-154e-569efa00056f', 'Curacautín', true) ON CONFLICT (id) DO UPDATE SET name = EXCLUDED.name;
  INSERT INTO communes (id, city_id, name, is_active) VALUES ('e356340c-d15c-1dec-824e-acc5aab0ca3c', '741cbb27-e80b-3432-154e-569efa00056f', 'Ercilla', true) ON CONFLICT (id) DO UPDATE SET name = EXCLUDED.name;
  INSERT INTO communes (id, city_id, name, is_active) VALUES ('9e46fd83-4577-272e-89a8-a996d505dc4e', '741cbb27-e80b-3432-154e-569efa00056f', 'Lonquimay', true) ON CONFLICT (id) DO UPDATE SET name = EXCLUDED.name;
  INSERT INTO communes (id, city_id, name, is_active) VALUES ('820ef015-de31-dac1-3c89-cfc0f029ae2a', '741cbb27-e80b-3432-154e-569efa00056f', 'Los Sauces', true) ON CONFLICT (id) DO UPDATE SET name = EXCLUDED.name;
  INSERT INTO communes (id, city_id, name, is_active) VALUES ('479f5f5e-1b6a-ce79-c65e-e8a733fcc1b1', '741cbb27-e80b-3432-154e-569efa00056f', 'Lumaco', true) ON CONFLICT (id) DO UPDATE SET name = EXCLUDED.name;
  INSERT INTO communes (id, city_id, name, is_active) VALUES ('969a288b-6b76-8706-e7ca-be8645593c87', '741cbb27-e80b-3432-154e-569efa00056f', 'Purén', true) ON CONFLICT (id) DO UPDATE SET name = EXCLUDED.name;
  INSERT INTO communes (id, city_id, name, is_active) VALUES ('83c29bbf-800f-7ad3-3741-04b0500c6718', '741cbb27-e80b-3432-154e-569efa00056f', 'Renaico', true) ON CONFLICT (id) DO UPDATE SET name = EXCLUDED.name;
  INSERT INTO communes (id, city_id, name, is_active) VALUES ('6def649d-abcd-723a-e8c0-623eff65afba', '741cbb27-e80b-3432-154e-569efa00056f', 'Traiguén', true) ON CONFLICT (id) DO UPDATE SET name = EXCLUDED.name;
  INSERT INTO communes (id, city_id, name, is_active) VALUES ('f95c3ef3-2947-7ae5-f978-a0dca4631a7b', '741cbb27-e80b-3432-154e-569efa00056f', 'Victoria', true) ON CONFLICT (id) DO UPDATE SET name = EXCLUDED.name;
  INSERT INTO communes (id, city_id, name, is_active) VALUES ('77da8200-15f0-6fc6-80b4-6943fbb7dd06', '7a2bc0e9-0e14-bd61-91e9-4ad1f69ce1d1', 'Temuco', true) ON CONFLICT (id) DO UPDATE SET name = EXCLUDED.name;
  INSERT INTO communes (id, city_id, name, is_active) VALUES ('0e10eb95-1d5a-0f87-d492-e72b0b42cc4c', '7a2bc0e9-0e14-bd61-91e9-4ad1f69ce1d1', 'Carahue', true) ON CONFLICT (id) DO UPDATE SET name = EXCLUDED.name;
  INSERT INTO communes (id, city_id, name, is_active) VALUES ('2a14c363-13b9-c11a-a54c-88149fd9b9e6', '7a2bc0e9-0e14-bd61-91e9-4ad1f69ce1d1', 'Cholchol', true) ON CONFLICT (id) DO UPDATE SET name = EXCLUDED.name;
  INSERT INTO communes (id, city_id, name, is_active) VALUES ('104f6680-9b36-bab1-55fd-735e7eccf527', '7a2bc0e9-0e14-bd61-91e9-4ad1f69ce1d1', 'Cunco', true) ON CONFLICT (id) DO UPDATE SET name = EXCLUDED.name;
  INSERT INTO communes (id, city_id, name, is_active) VALUES ('d7ca68f0-e28d-be9a-498f-590f43847311', '7a2bc0e9-0e14-bd61-91e9-4ad1f69ce1d1', 'Curarrehue', true) ON CONFLICT (id) DO UPDATE SET name = EXCLUDED.name;
  INSERT INTO communes (id, city_id, name, is_active) VALUES ('af7e4d2a-e069-b958-1bfc-21b57d33e2f0', '7a2bc0e9-0e14-bd61-91e9-4ad1f69ce1d1', 'Freire', true) ON CONFLICT (id) DO UPDATE SET name = EXCLUDED.name;
  INSERT INTO communes (id, city_id, name, is_active) VALUES ('4e5ea65f-abe8-deaf-4393-58550dd251eb', '7a2bc0e9-0e14-bd61-91e9-4ad1f69ce1d1', 'Galvarino', true) ON CONFLICT (id) DO UPDATE SET name = EXCLUDED.name;
  INSERT INTO communes (id, city_id, name, is_active) VALUES ('34b48053-9c7a-4b8e-5d03-0f2439632508', '7a2bc0e9-0e14-bd61-91e9-4ad1f69ce1d1', 'Gorbea', true) ON CONFLICT (id) DO UPDATE SET name = EXCLUDED.name;
  INSERT INTO communes (id, city_id, name, is_active) VALUES ('521d2135-d368-4443-4ac1-15a74132891b', '7a2bc0e9-0e14-bd61-91e9-4ad1f69ce1d1', 'Lautaro', true) ON CONFLICT (id) DO UPDATE SET name = EXCLUDED.name;
  INSERT INTO communes (id, city_id, name, is_active) VALUES ('a8091bc9-25cd-26c2-d54d-48ce875dcbc7', '7a2bc0e9-0e14-bd61-91e9-4ad1f69ce1d1', 'Loncoche', true) ON CONFLICT (id) DO UPDATE SET name = EXCLUDED.name;
  INSERT INTO communes (id, city_id, name, is_active) VALUES ('02a863c5-93c0-8c50-31c9-2552dcd3be01', '7a2bc0e9-0e14-bd61-91e9-4ad1f69ce1d1', 'Melipeuco', true) ON CONFLICT (id) DO UPDATE SET name = EXCLUDED.name;
  INSERT INTO communes (id, city_id, name, is_active) VALUES ('63d46ac7-cb07-fb86-99b7-6ba0bbd7be45', '7a2bc0e9-0e14-bd61-91e9-4ad1f69ce1d1', 'Nueva Imperial', true) ON CONFLICT (id) DO UPDATE SET name = EXCLUDED.name;
  INSERT INTO communes (id, city_id, name, is_active) VALUES ('51de2cdd-5847-6965-1302-b6c5498b513c', '7a2bc0e9-0e14-bd61-91e9-4ad1f69ce1d1', 'Padre las Casas', true) ON CONFLICT (id) DO UPDATE SET name = EXCLUDED.name;
  INSERT INTO communes (id, city_id, name, is_active) VALUES ('e1d8e8b8-46d3-4790-1597-301b21adc1f1', '7a2bc0e9-0e14-bd61-91e9-4ad1f69ce1d1', 'Perquenco', true) ON CONFLICT (id) DO UPDATE SET name = EXCLUDED.name;
  INSERT INTO communes (id, city_id, name, is_active) VALUES ('c9464906-c54d-4a09-35e6-d27b4644a9d0', '7a2bc0e9-0e14-bd61-91e9-4ad1f69ce1d1', 'Pitrufquén', true) ON CONFLICT (id) DO UPDATE SET name = EXCLUDED.name;
  INSERT INTO communes (id, city_id, name, is_active) VALUES ('73eee12e-1c97-ceb5-49f8-669cabed78f6', '7a2bc0e9-0e14-bd61-91e9-4ad1f69ce1d1', 'Pucón', true) ON CONFLICT (id) DO UPDATE SET name = EXCLUDED.name;
  INSERT INTO communes (id, city_id, name, is_active) VALUES ('8cf20ce7-d70e-851d-245e-408313e07338', '7a2bc0e9-0e14-bd61-91e9-4ad1f69ce1d1', 'Saavedra', true) ON CONFLICT (id) DO UPDATE SET name = EXCLUDED.name;
  INSERT INTO communes (id, city_id, name, is_active) VALUES ('44eade95-f1ca-5cdb-9fd3-8cd5214bc91b', '7a2bc0e9-0e14-bd61-91e9-4ad1f69ce1d1', 'Teodoro Schmidt', true) ON CONFLICT (id) DO UPDATE SET name = EXCLUDED.name;
  INSERT INTO communes (id, city_id, name, is_active) VALUES ('b8ae18dd-3a5a-1da5-d738-c2757a6c0a2d', '7a2bc0e9-0e14-bd61-91e9-4ad1f69ce1d1', 'Toltén', true) ON CONFLICT (id) DO UPDATE SET name = EXCLUDED.name;
  INSERT INTO communes (id, city_id, name, is_active) VALUES ('bb9e2f20-e94b-608f-7391-02bd28bce85a', '7a2bc0e9-0e14-bd61-91e9-4ad1f69ce1d1', 'Vilcún', true) ON CONFLICT (id) DO UPDATE SET name = EXCLUDED.name;
  INSERT INTO communes (id, city_id, name, is_active) VALUES ('e132ef33-0151-c842-af07-fd7a2223c425', '7a2bc0e9-0e14-bd61-91e9-4ad1f69ce1d1', 'Villarrica', true) ON CONFLICT (id) DO UPDATE SET name = EXCLUDED.name;
  INSERT INTO communes (id, city_id, name, is_active) VALUES ('290c4e15-0b3d-de2c-11f8-3629fed5e549', 'ab5b551e-2b2e-5719-18be-83c586c64866', 'Osorno', true) ON CONFLICT (id) DO UPDATE SET name = EXCLUDED.name;
  INSERT INTO communes (id, city_id, name, is_active) VALUES ('ea9b0dbd-b251-6f01-c3ac-c8882b9574cc', 'ab5b551e-2b2e-5719-18be-83c586c64866', 'Puerto Octay', true) ON CONFLICT (id) DO UPDATE SET name = EXCLUDED.name;
  INSERT INTO communes (id, city_id, name, is_active) VALUES ('01b745be-2ba4-4109-3a45-32c24bb4f8c1', 'ab5b551e-2b2e-5719-18be-83c586c64866', 'Purranque', true) ON CONFLICT (id) DO UPDATE SET name = EXCLUDED.name;
  INSERT INTO communes (id, city_id, name, is_active) VALUES ('55721ca4-9152-97ec-61b0-29be8021f032', 'ab5b551e-2b2e-5719-18be-83c586c64866', 'Puyehue', true) ON CONFLICT (id) DO UPDATE SET name = EXCLUDED.name;
  INSERT INTO communes (id, city_id, name, is_active) VALUES ('1d0e6dea-145c-4b04-2ed5-4b7a837ba273', 'ab5b551e-2b2e-5719-18be-83c586c64866', 'Río Negro', true) ON CONFLICT (id) DO UPDATE SET name = EXCLUDED.name;
  INSERT INTO communes (id, city_id, name, is_active) VALUES ('d6ba4379-2d91-0994-ad61-f9aecfe49c24', 'ab5b551e-2b2e-5719-18be-83c586c64866', 'San Juan de la Costa', true) ON CONFLICT (id) DO UPDATE SET name = EXCLUDED.name;
  INSERT INTO communes (id, city_id, name, is_active) VALUES ('e6d82df4-4f9f-1f83-a170-1b8c15cb6c59', 'ab5b551e-2b2e-5719-18be-83c586c64866', 'San Pablo', true) ON CONFLICT (id) DO UPDATE SET name = EXCLUDED.name;
  INSERT INTO communes (id, city_id, name, is_active) VALUES ('4ce96515-e479-bb3d-2620-a1be7a0e5c08', 'd20787f9-5239-e7b1-d9e5-b6998258b24c', 'Cochamó', true) ON CONFLICT (id) DO UPDATE SET name = EXCLUDED.name;
  INSERT INTO communes (id, city_id, name, is_active) VALUES ('8fb2a637-e970-59fc-4007-90ab8c2f6b3b', 'd20787f9-5239-e7b1-d9e5-b6998258b24c', 'Fresia', true) ON CONFLICT (id) DO UPDATE SET name = EXCLUDED.name;
  INSERT INTO communes (id, city_id, name, is_active) VALUES ('383be212-a799-a394-ffa4-74e2b09a9e07', 'd20787f9-5239-e7b1-d9e5-b6998258b24c', 'Frutillar', true) ON CONFLICT (id) DO UPDATE SET name = EXCLUDED.name;
  INSERT INTO communes (id, city_id, name, is_active) VALUES ('ac77181a-f653-847e-8c0f-76bda5d474ee', 'd20787f9-5239-e7b1-d9e5-b6998258b24c', 'Los Muermos', true) ON CONFLICT (id) DO UPDATE SET name = EXCLUDED.name;
  INSERT INTO communes (id, city_id, name, is_active) VALUES ('0c87ecd6-6bb5-20f7-8de4-33fce9f272fb', 'd20787f9-5239-e7b1-d9e5-b6998258b24c', 'Llanquihue', true) ON CONFLICT (id) DO UPDATE SET name = EXCLUDED.name;
  INSERT INTO communes (id, city_id, name, is_active) VALUES ('4ac2b4e1-52c4-5ee6-da58-c623faf4df9a', 'd20787f9-5239-e7b1-d9e5-b6998258b24c', 'Maullín', true) ON CONFLICT (id) DO UPDATE SET name = EXCLUDED.name;
  INSERT INTO communes (id, city_id, name, is_active) VALUES ('831633ac-e551-2a2b-ccd1-515a98fc3031', 'd20787f9-5239-e7b1-d9e5-b6998258b24c', 'Puerto Montt', true) ON CONFLICT (id) DO UPDATE SET name = EXCLUDED.name;
  INSERT INTO communes (id, city_id, name, is_active) VALUES ('15c4d6fe-0d4f-2ab3-9245-cd105b5f912b', 'd20787f9-5239-e7b1-d9e5-b6998258b24c', 'Puerto Varas', true) ON CONFLICT (id) DO UPDATE SET name = EXCLUDED.name;
  INSERT INTO communes (id, city_id, name, is_active) VALUES ('eb0bed14-d9b0-109f-22e8-0bdea843b5b4', 'd20787f9-5239-e7b1-d9e5-b6998258b24c', 'Calbuco', true) ON CONFLICT (id) DO UPDATE SET name = EXCLUDED.name;
  INSERT INTO communes (id, city_id, name, is_active) VALUES ('2d75ae4d-413a-95ba-bea0-82e3d37a60c3', '0cabdbc1-b1f0-511b-02bd-508f06f3285f', 'Ancud', true) ON CONFLICT (id) DO UPDATE SET name = EXCLUDED.name;
  INSERT INTO communes (id, city_id, name, is_active) VALUES ('3665da43-2045-8e8d-e4bd-8963a753ae22', '0cabdbc1-b1f0-511b-02bd-508f06f3285f', 'Castro', true) ON CONFLICT (id) DO UPDATE SET name = EXCLUDED.name;
  INSERT INTO communes (id, city_id, name, is_active) VALUES ('882b9092-007f-5040-c49c-e17279189777', '0cabdbc1-b1f0-511b-02bd-508f06f3285f', 'Curaco de Vélez', true) ON CONFLICT (id) DO UPDATE SET name = EXCLUDED.name;
  INSERT INTO communes (id, city_id, name, is_active) VALUES ('b56e2a4e-ad93-94ed-d117-f4058acdf818', '0cabdbc1-b1f0-511b-02bd-508f06f3285f', 'Chonchi', true) ON CONFLICT (id) DO UPDATE SET name = EXCLUDED.name;
  INSERT INTO communes (id, city_id, name, is_active) VALUES ('ddb1ade4-a69c-f122-044a-b8e1ede7b5b5', '0cabdbc1-b1f0-511b-02bd-508f06f3285f', 'Dalcahue', true) ON CONFLICT (id) DO UPDATE SET name = EXCLUDED.name;
  INSERT INTO communes (id, city_id, name, is_active) VALUES ('7ae60aa8-e582-96ff-2aae-698ac6414294', '0cabdbc1-b1f0-511b-02bd-508f06f3285f', 'Puqueldón', true) ON CONFLICT (id) DO UPDATE SET name = EXCLUDED.name;
  INSERT INTO communes (id, city_id, name, is_active) VALUES ('289a29b9-edfb-8f03-caaf-27a46e8fdebd', '0cabdbc1-b1f0-511b-02bd-508f06f3285f', 'Queilén', true) ON CONFLICT (id) DO UPDATE SET name = EXCLUDED.name;
  INSERT INTO communes (id, city_id, name, is_active) VALUES ('f8b133dc-768f-d369-5348-e16a36c77120', '0cabdbc1-b1f0-511b-02bd-508f06f3285f', 'Quellón', true) ON CONFLICT (id) DO UPDATE SET name = EXCLUDED.name;
  INSERT INTO communes (id, city_id, name, is_active) VALUES ('7342f7f0-beb9-be80-5381-a4cc92bd2ee8', '0cabdbc1-b1f0-511b-02bd-508f06f3285f', 'Quemchi', true) ON CONFLICT (id) DO UPDATE SET name = EXCLUDED.name;
  INSERT INTO communes (id, city_id, name, is_active) VALUES ('934a6234-6afa-3b06-a018-504545168e75', '0cabdbc1-b1f0-511b-02bd-508f06f3285f', 'Quinchao', true) ON CONFLICT (id) DO UPDATE SET name = EXCLUDED.name;
  INSERT INTO communes (id, city_id, name, is_active) VALUES ('9b184f5e-127b-c9f8-ba72-63caf317bb30', 'e8a5c7da-1815-1acc-ee6e-36e40c8c74e2', 'Chaitén', true) ON CONFLICT (id) DO UPDATE SET name = EXCLUDED.name;
  INSERT INTO communes (id, city_id, name, is_active) VALUES ('b75b519d-16d1-1200-e5eb-856dae4a4e6c', 'e8a5c7da-1815-1acc-ee6e-36e40c8c74e2', 'Futaleufú', true) ON CONFLICT (id) DO UPDATE SET name = EXCLUDED.name;
  INSERT INTO communes (id, city_id, name, is_active) VALUES ('11d4dae7-8142-1e2a-443f-9276c11c7add', 'e8a5c7da-1815-1acc-ee6e-36e40c8c74e2', 'Hualaihué', true) ON CONFLICT (id) DO UPDATE SET name = EXCLUDED.name;
  INSERT INTO communes (id, city_id, name, is_active) VALUES ('ca466a38-d63e-d325-711d-f885a3b8fec8', 'e8a5c7da-1815-1acc-ee6e-36e40c8c74e2', 'Palena', true) ON CONFLICT (id) DO UPDATE SET name = EXCLUDED.name;
  INSERT INTO communes (id, city_id, name, is_active) VALUES ('a5dbff63-11ba-a0ff-916f-5e5d580826f3', '2f88c82e-c192-41b2-63c3-8456dac6a817', 'Cochrane', true) ON CONFLICT (id) DO UPDATE SET name = EXCLUDED.name;
  INSERT INTO communes (id, city_id, name, is_active) VALUES ('8dc54bfd-96ad-5017-f3c4-6d190d7361a7', '2f88c82e-c192-41b2-63c3-8456dac6a817', 'OHiggins', true) ON CONFLICT (id) DO UPDATE SET name = EXCLUDED.name;
  INSERT INTO communes (id, city_id, name, is_active) VALUES ('80e5ee1f-77fb-4c62-12ac-58d32239f889', '2f88c82e-c192-41b2-63c3-8456dac6a817', 'Tortel', true) ON CONFLICT (id) DO UPDATE SET name = EXCLUDED.name;
  INSERT INTO communes (id, city_id, name, is_active) VALUES ('abec8a7a-28f0-c9a1-14f9-1ba0dc995a31', '5a76b8ca-fbf5-d366-a16c-b22ce1c7b5e4', 'Aysen', true) ON CONFLICT (id) DO UPDATE SET name = EXCLUDED.name;
  INSERT INTO communes (id, city_id, name, is_active) VALUES ('d18fc092-8a45-8850-4932-aad282247c79', '5a76b8ca-fbf5-d366-a16c-b22ce1c7b5e4', 'Cisnes', true) ON CONFLICT (id) DO UPDATE SET name = EXCLUDED.name;
  INSERT INTO communes (id, city_id, name, is_active) VALUES ('63f47de4-bc06-f14e-b0f6-0c85b66cea18', '5a76b8ca-fbf5-d366-a16c-b22ce1c7b5e4', 'Guaitecas', true) ON CONFLICT (id) DO UPDATE SET name = EXCLUDED.name;
  INSERT INTO communes (id, city_id, name, is_active) VALUES ('9cbe3944-64ba-d644-29d9-60a325d1bf24', '538d479b-4505-bdb2-068c-3ae2637c2137', 'Coihaique', true) ON CONFLICT (id) DO UPDATE SET name = EXCLUDED.name;
  INSERT INTO communes (id, city_id, name, is_active) VALUES ('d96e7339-3f12-3786-7efe-03e275004a92', '538d479b-4505-bdb2-068c-3ae2637c2137', 'Lago Verde', true) ON CONFLICT (id) DO UPDATE SET name = EXCLUDED.name;
  INSERT INTO communes (id, city_id, name, is_active) VALUES ('69b493b1-d427-0838-52f9-30e3e0abf399', '79b9ef5b-32e8-eaac-b92e-beb00ef77522', 'Chile Chico', true) ON CONFLICT (id) DO UPDATE SET name = EXCLUDED.name;
  INSERT INTO communes (id, city_id, name, is_active) VALUES ('58515221-1870-a83a-76ea-ddb580116d61', '79b9ef5b-32e8-eaac-b92e-beb00ef77522', 'Río Ibañez', true) ON CONFLICT (id) DO UPDATE SET name = EXCLUDED.name;
  INSERT INTO communes (id, city_id, name, is_active) VALUES ('1bb1b98e-e9a8-2792-fcf5-be237caf75a9', '7280c888-35c7-5f7b-de0f-db0177a69115', 'Natales', true) ON CONFLICT (id) DO UPDATE SET name = EXCLUDED.name;
  INSERT INTO communes (id, city_id, name, is_active) VALUES ('07b24682-8316-2400-e35b-6724276250fd', '7280c888-35c7-5f7b-de0f-db0177a69115', 'Torres del Paine', true) ON CONFLICT (id) DO UPDATE SET name = EXCLUDED.name;
  INSERT INTO communes (id, city_id, name, is_active) VALUES ('0c4c6e4e-c76d-45aa-5936-a718f4d834bf', 'efcd60c2-a284-f5cc-72a3-f8f14c340fe0', 'Punta Arenas', true) ON CONFLICT (id) DO UPDATE SET name = EXCLUDED.name;
  INSERT INTO communes (id, city_id, name, is_active) VALUES ('b89dcf79-2d72-5434-3a60-c496a118f5c3', 'efcd60c2-a284-f5cc-72a3-f8f14c340fe0', 'Río Verde', true) ON CONFLICT (id) DO UPDATE SET name = EXCLUDED.name;
  INSERT INTO communes (id, city_id, name, is_active) VALUES ('16698b67-8181-3911-9297-3d1196f3d076', 'efcd60c2-a284-f5cc-72a3-f8f14c340fe0', 'Laguna Blanca', true) ON CONFLICT (id) DO UPDATE SET name = EXCLUDED.name;
  INSERT INTO communes (id, city_id, name, is_active) VALUES ('c4cf0917-1bff-7d41-370e-4903fdcc800d', 'efcd60c2-a284-f5cc-72a3-f8f14c340fe0', 'San Gregorio', true) ON CONFLICT (id) DO UPDATE SET name = EXCLUDED.name;
  INSERT INTO communes (id, city_id, name, is_active) VALUES ('491e1ca5-0d0a-f9e1-dbf1-ef393227df26', '7762cc93-9fdb-b596-5666-e5b62944ce8a', 'Porvenir', true) ON CONFLICT (id) DO UPDATE SET name = EXCLUDED.name;
  INSERT INTO communes (id, city_id, name, is_active) VALUES ('5af55553-c825-6511-b2c8-fbdf5fb258cb', '7762cc93-9fdb-b596-5666-e5b62944ce8a', 'Primavera', true) ON CONFLICT (id) DO UPDATE SET name = EXCLUDED.name;
  INSERT INTO communes (id, city_id, name, is_active) VALUES ('3d4cfaed-ed07-3b9f-b5a0-1706d60ce782', '7762cc93-9fdb-b596-5666-e5b62944ce8a', 'Timaukel', true) ON CONFLICT (id) DO UPDATE SET name = EXCLUDED.name;
  INSERT INTO communes (id, city_id, name, is_active) VALUES ('d5ef520f-feec-c724-4b6f-95b70861cb04', 'ec6ac25e-3f58-1521-c0f5-d17d4d0b2650', 'Navarino', true) ON CONFLICT (id) DO UPDATE SET name = EXCLUDED.name;
  INSERT INTO communes (id, city_id, name, is_active) VALUES ('2c2cfa17-d0ff-06e9-43e6-38f0d4be7135', 'ec6ac25e-3f58-1521-c0f5-d17d4d0b2650', 'Antártica', true) ON CONFLICT (id) DO UPDATE SET name = EXCLUDED.name;
  INSERT INTO communes (id, city_id, name, is_active) VALUES ('57d5e317-60ea-3417-bbc2-68f6127d0eae', '8c578ccd-3637-a0df-0644-146d307edae0', 'Cerrillos', true) ON CONFLICT (id) DO UPDATE SET name = EXCLUDED.name;
  INSERT INTO communes (id, city_id, name, is_active) VALUES ('d2b085c8-a818-ef7c-62da-5f47a7e6dce0', '8c578ccd-3637-a0df-0644-146d307edae0', 'Cerro Navia', true) ON CONFLICT (id) DO UPDATE SET name = EXCLUDED.name;
  INSERT INTO communes (id, city_id, name, is_active) VALUES ('64ab5ddc-b86c-8c68-72c2-6fec76f1bfdb', '8c578ccd-3637-a0df-0644-146d307edae0', 'Conchalí', true) ON CONFLICT (id) DO UPDATE SET name = EXCLUDED.name;
  INSERT INTO communes (id, city_id, name, is_active) VALUES ('c626e271-477a-98c1-8005-e8099fe7d6ad', '8c578ccd-3637-a0df-0644-146d307edae0', 'El Bosque', true) ON CONFLICT (id) DO UPDATE SET name = EXCLUDED.name;
  INSERT INTO communes (id, city_id, name, is_active) VALUES ('9eda23d6-505d-1053-a378-fa24ae65fd38', '8c578ccd-3637-a0df-0644-146d307edae0', 'Estación Central', true) ON CONFLICT (id) DO UPDATE SET name = EXCLUDED.name;
  INSERT INTO communes (id, city_id, name, is_active) VALUES ('0d6b6392-97d8-b529-2fd1-91a6e759f8de', '8c578ccd-3637-a0df-0644-146d307edae0', 'Huechuraba', true) ON CONFLICT (id) DO UPDATE SET name = EXCLUDED.name;
  INSERT INTO communes (id, city_id, name, is_active) VALUES ('b2ae1740-3aab-1532-1c63-bff854a6bc5b', '8c578ccd-3637-a0df-0644-146d307edae0', 'Independencia', true) ON CONFLICT (id) DO UPDATE SET name = EXCLUDED.name;
  INSERT INTO communes (id, city_id, name, is_active) VALUES ('28620ef1-908d-dc4e-cd17-0e62273194f7', '8c578ccd-3637-a0df-0644-146d307edae0', 'La Cisterna', true) ON CONFLICT (id) DO UPDATE SET name = EXCLUDED.name;
  INSERT INTO communes (id, city_id, name, is_active) VALUES ('fd866ef0-687b-7b75-273a-b0d34277b232', '8c578ccd-3637-a0df-0644-146d307edae0', 'La Florida', true) ON CONFLICT (id) DO UPDATE SET name = EXCLUDED.name;
  INSERT INTO communes (id, city_id, name, is_active) VALUES ('c1921df6-2081-edf7-3bb1-d074c808f24c', '8c578ccd-3637-a0df-0644-146d307edae0', 'La Granja', true) ON CONFLICT (id) DO UPDATE SET name = EXCLUDED.name;
  INSERT INTO communes (id, city_id, name, is_active) VALUES ('63e69bd1-4d1d-f2d9-d4a1-2154bc09828e', '8c578ccd-3637-a0df-0644-146d307edae0', 'La Pintana', true) ON CONFLICT (id) DO UPDATE SET name = EXCLUDED.name;
  INSERT INTO communes (id, city_id, name, is_active) VALUES ('5389d300-d7af-2f16-f83d-a56b84fd9a30', '8c578ccd-3637-a0df-0644-146d307edae0', 'La Reina', true) ON CONFLICT (id) DO UPDATE SET name = EXCLUDED.name;
  INSERT INTO communes (id, city_id, name, is_active) VALUES ('c8f248b3-4aea-e6e7-65b9-8b8fcba1cec4', '8c578ccd-3637-a0df-0644-146d307edae0', 'Las Condes', true) ON CONFLICT (id) DO UPDATE SET name = EXCLUDED.name;
  INSERT INTO communes (id, city_id, name, is_active) VALUES ('ed886821-a95c-decd-440c-ace190a02e71', '8c578ccd-3637-a0df-0644-146d307edae0', 'Lo Barnechea', true) ON CONFLICT (id) DO UPDATE SET name = EXCLUDED.name;
  INSERT INTO communes (id, city_id, name, is_active) VALUES ('7c9ab16a-be0d-88f8-a27b-2ebc33f9cdbb', '8c578ccd-3637-a0df-0644-146d307edae0', 'Lo Espejo', true) ON CONFLICT (id) DO UPDATE SET name = EXCLUDED.name;
  INSERT INTO communes (id, city_id, name, is_active) VALUES ('e7669e8b-732a-ae3f-18cb-852b7d494792', '8c578ccd-3637-a0df-0644-146d307edae0', 'Lo Prado', true) ON CONFLICT (id) DO UPDATE SET name = EXCLUDED.name;
  INSERT INTO communes (id, city_id, name, is_active) VALUES ('78b6ad17-f31e-834d-9baa-9650b3019dae', '8c578ccd-3637-a0df-0644-146d307edae0', 'Macul', true) ON CONFLICT (id) DO UPDATE SET name = EXCLUDED.name;
  INSERT INTO communes (id, city_id, name, is_active) VALUES ('ac75c795-cde1-c0c1-ce18-02421a5aae1f', '8c578ccd-3637-a0df-0644-146d307edae0', 'Maipú', true) ON CONFLICT (id) DO UPDATE SET name = EXCLUDED.name;
  INSERT INTO communes (id, city_id, name, is_active) VALUES ('ed9d5105-d362-dd99-dab6-85e119d32dd0', '8c578ccd-3637-a0df-0644-146d307edae0', 'Ñuñoa', true) ON CONFLICT (id) DO UPDATE SET name = EXCLUDED.name;
  INSERT INTO communes (id, city_id, name, is_active) VALUES ('151afc4a-10f3-9d5a-012b-fc9bed4a8368', '8c578ccd-3637-a0df-0644-146d307edae0', 'Pedro Aguirre Cerda', true) ON CONFLICT (id) DO UPDATE SET name = EXCLUDED.name;
  INSERT INTO communes (id, city_id, name, is_active) VALUES ('4fe4e17f-b53e-c2d5-6633-4c6e51db20c1', '8c578ccd-3637-a0df-0644-146d307edae0', 'Peñalolén', true) ON CONFLICT (id) DO UPDATE SET name = EXCLUDED.name;
  INSERT INTO communes (id, city_id, name, is_active) VALUES ('3054ae96-21a2-176f-2e13-90833a18fd74', '8c578ccd-3637-a0df-0644-146d307edae0', 'Providencia', true) ON CONFLICT (id) DO UPDATE SET name = EXCLUDED.name;
  INSERT INTO communes (id, city_id, name, is_active) VALUES ('358c820e-a4a9-3f03-ab3b-695f1eec03f1', '8c578ccd-3637-a0df-0644-146d307edae0', 'Pudahuel', true) ON CONFLICT (id) DO UPDATE SET name = EXCLUDED.name;
  INSERT INTO communes (id, city_id, name, is_active) VALUES ('d1c7b1a3-ee40-812c-a582-cfcf192184af', '8c578ccd-3637-a0df-0644-146d307edae0', 'Quilicura', true) ON CONFLICT (id) DO UPDATE SET name = EXCLUDED.name;
  INSERT INTO communes (id, city_id, name, is_active) VALUES ('af0f58df-a281-1134-cc5a-e8c46a37c57a', '8c578ccd-3637-a0df-0644-146d307edae0', 'Quinta Normal', true) ON CONFLICT (id) DO UPDATE SET name = EXCLUDED.name;
  INSERT INTO communes (id, city_id, name, is_active) VALUES ('fc39073c-b3b0-4796-51da-0d5016006143', '8c578ccd-3637-a0df-0644-146d307edae0', 'Recoleta', true) ON CONFLICT (id) DO UPDATE SET name = EXCLUDED.name;
  INSERT INTO communes (id, city_id, name, is_active) VALUES ('0f760825-073d-57e7-5937-40c3b1f8b4bc', '8c578ccd-3637-a0df-0644-146d307edae0', 'Renca', true) ON CONFLICT (id) DO UPDATE SET name = EXCLUDED.name;
  INSERT INTO communes (id, city_id, name, is_active) VALUES ('594c2134-7e0d-c170-e70d-9e1a1a6c8683', '8c578ccd-3637-a0df-0644-146d307edae0', 'San Joaquín', true) ON CONFLICT (id) DO UPDATE SET name = EXCLUDED.name;
  INSERT INTO communes (id, city_id, name, is_active) VALUES ('be3a3718-bc46-573f-74de-9e4a25cba60b', '8c578ccd-3637-a0df-0644-146d307edae0', 'San Miguel', true) ON CONFLICT (id) DO UPDATE SET name = EXCLUDED.name;
  INSERT INTO communes (id, city_id, name, is_active) VALUES ('6609509f-a606-7213-7e50-af5990d89b74', '8c578ccd-3637-a0df-0644-146d307edae0', 'San Ramón', true) ON CONFLICT (id) DO UPDATE SET name = EXCLUDED.name;
  INSERT INTO communes (id, city_id, name, is_active) VALUES ('6d3bb3ee-2058-ef18-cfaf-86a399b0429b', '8c578ccd-3637-a0df-0644-146d307edae0', 'Santiago', true) ON CONFLICT (id) DO UPDATE SET name = EXCLUDED.name;
  INSERT INTO communes (id, city_id, name, is_active) VALUES ('0dfbd474-d6b1-f381-5956-1e13f06757ca', '8c578ccd-3637-a0df-0644-146d307edae0', 'Vitacura', true) ON CONFLICT (id) DO UPDATE SET name = EXCLUDED.name;
  INSERT INTO communes (id, city_id, name, is_active) VALUES ('b5e694b8-9f4c-85db-2d47-df43d7121ba3', '802cb09a-bc1a-53a4-7b7d-b15e1b5adff2', 'Puente Alto', true) ON CONFLICT (id) DO UPDATE SET name = EXCLUDED.name;
  INSERT INTO communes (id, city_id, name, is_active) VALUES ('435ff3d4-771d-68e7-3fc8-06dbc532734b', '802cb09a-bc1a-53a4-7b7d-b15e1b5adff2', 'Pirque', true) ON CONFLICT (id) DO UPDATE SET name = EXCLUDED.name;
  INSERT INTO communes (id, city_id, name, is_active) VALUES ('a1225ab1-c16f-efce-61b8-03caec0c342e', '802cb09a-bc1a-53a4-7b7d-b15e1b5adff2', 'San José de Maipo', true) ON CONFLICT (id) DO UPDATE SET name = EXCLUDED.name;
  INSERT INTO communes (id, city_id, name, is_active) VALUES ('6964c1d9-62df-6213-d024-aa8e7a54f11d', '06386006-1925-a3c5-dbcc-c73139d289fc', 'Melipilla', true) ON CONFLICT (id) DO UPDATE SET name = EXCLUDED.name;
  INSERT INTO communes (id, city_id, name, is_active) VALUES ('042c2f99-11b2-b6ee-769f-65596f41868c', '06386006-1925-a3c5-dbcc-c73139d289fc', 'María Pinto', true) ON CONFLICT (id) DO UPDATE SET name = EXCLUDED.name;
  INSERT INTO communes (id, city_id, name, is_active) VALUES ('f5189a6b-d06a-63fb-e077-9f93e82397f5', '06386006-1925-a3c5-dbcc-c73139d289fc', 'Curacaví', true) ON CONFLICT (id) DO UPDATE SET name = EXCLUDED.name;
  INSERT INTO communes (id, city_id, name, is_active) VALUES ('9e58bac1-aa96-884b-8d28-3980c3a9d0ce', '06386006-1925-a3c5-dbcc-c73139d289fc', 'Alhué', true) ON CONFLICT (id) DO UPDATE SET name = EXCLUDED.name;
  INSERT INTO communes (id, city_id, name, is_active) VALUES ('b2dc95ff-0c9a-ebef-ba94-31301d97c59e', '06386006-1925-a3c5-dbcc-c73139d289fc', 'San Pedro', true) ON CONFLICT (id) DO UPDATE SET name = EXCLUDED.name;
  INSERT INTO communes (id, city_id, name, is_active) VALUES ('24093c1b-73d8-c321-bcdf-ff8d717e3f2b', '89e4993f-c694-32e3-d0e5-9e8c6f812833', 'Talagante', true) ON CONFLICT (id) DO UPDATE SET name = EXCLUDED.name;
  INSERT INTO communes (id, city_id, name, is_active) VALUES ('96dc6a08-3109-512a-4478-4d4b8c974153', '89e4993f-c694-32e3-d0e5-9e8c6f812833', 'El Monte', true) ON CONFLICT (id) DO UPDATE SET name = EXCLUDED.name;
  INSERT INTO communes (id, city_id, name, is_active) VALUES ('b37acee7-b294-ec55-3077-2d680d7d5b88', '89e4993f-c694-32e3-d0e5-9e8c6f812833', 'Isla de Maipo', true) ON CONFLICT (id) DO UPDATE SET name = EXCLUDED.name;
  INSERT INTO communes (id, city_id, name, is_active) VALUES ('039618c3-4d80-ef82-4eba-e3418f37fcd4', '89e4993f-c694-32e3-d0e5-9e8c6f812833', 'Padre Hurtado', true) ON CONFLICT (id) DO UPDATE SET name = EXCLUDED.name;
  INSERT INTO communes (id, city_id, name, is_active) VALUES ('0cdcdd27-4515-dccb-3b90-fa16c5ee4344', '89e4993f-c694-32e3-d0e5-9e8c6f812833', 'Peñaflor', true) ON CONFLICT (id) DO UPDATE SET name = EXCLUDED.name;
  INSERT INTO communes (id, city_id, name, is_active) VALUES ('68661341-ea24-2f83-9302-c0302b84c4e4', '339c2a5f-8037-5cb0-0e39-896ac74bda91', 'Buin', true) ON CONFLICT (id) DO UPDATE SET name = EXCLUDED.name;
  INSERT INTO communes (id, city_id, name, is_active) VALUES ('f1e19846-7d2e-e8fb-647a-941407924b56', '339c2a5f-8037-5cb0-0e39-896ac74bda91', 'Calera de Tango', true) ON CONFLICT (id) DO UPDATE SET name = EXCLUDED.name;
  INSERT INTO communes (id, city_id, name, is_active) VALUES ('d590dbab-8dfc-2bb0-858e-61d7a04e8980', '339c2a5f-8037-5cb0-0e39-896ac74bda91', 'Paine', true) ON CONFLICT (id) DO UPDATE SET name = EXCLUDED.name;
  INSERT INTO communes (id, city_id, name, is_active) VALUES ('d8646763-52b4-c6ea-6108-f15faa302a50', '339c2a5f-8037-5cb0-0e39-896ac74bda91', 'San Bernardo', true) ON CONFLICT (id) DO UPDATE SET name = EXCLUDED.name;
  INSERT INTO communes (id, city_id, name, is_active) VALUES ('ea5c2343-f7bc-2396-e5ed-0459b81fdeff', '9227c624-79d3-b53f-fc5c-7a99c615eef5', 'Colina', true) ON CONFLICT (id) DO UPDATE SET name = EXCLUDED.name;
  INSERT INTO communes (id, city_id, name, is_active) VALUES ('38603b88-de67-1d65-a519-196d1809aa06', '9227c624-79d3-b53f-fc5c-7a99c615eef5', 'Lampa', true) ON CONFLICT (id) DO UPDATE SET name = EXCLUDED.name;
  INSERT INTO communes (id, city_id, name, is_active) VALUES ('14ec849b-cef9-d881-d30b-969848b63b0a', '9227c624-79d3-b53f-fc5c-7a99c615eef5', 'Til Til', true) ON CONFLICT (id) DO UPDATE SET name = EXCLUDED.name;
  INSERT INTO communes (id, city_id, name, is_active) VALUES ('f0cc6cfe-25f8-df39-2cd7-a981230fe60f', 'c300529b-bea6-f38e-35c5-9f8fe0e929ad', 'Valdivia', true) ON CONFLICT (id) DO UPDATE SET name = EXCLUDED.name;
  INSERT INTO communes (id, city_id, name, is_active) VALUES ('a00fce1f-9647-e53d-c8a3-1a90eac7f85a', 'c300529b-bea6-f38e-35c5-9f8fe0e929ad', 'Corral', true) ON CONFLICT (id) DO UPDATE SET name = EXCLUDED.name;
  INSERT INTO communes (id, city_id, name, is_active) VALUES ('8924aa80-016e-559e-5781-bd15a02894e4', 'c300529b-bea6-f38e-35c5-9f8fe0e929ad', 'Lanco', true) ON CONFLICT (id) DO UPDATE SET name = EXCLUDED.name;
  INSERT INTO communes (id, city_id, name, is_active) VALUES ('bc33e061-af3d-9dc6-190f-3bb3d9433724', 'c300529b-bea6-f38e-35c5-9f8fe0e929ad', 'Los Lagos', true) ON CONFLICT (id) DO UPDATE SET name = EXCLUDED.name;
  INSERT INTO communes (id, city_id, name, is_active) VALUES ('3c77ab1c-386a-9b15-c460-173bf4654697', 'c300529b-bea6-f38e-35c5-9f8fe0e929ad', 'Mafil', true) ON CONFLICT (id) DO UPDATE SET name = EXCLUDED.name;
  INSERT INTO communes (id, city_id, name, is_active) VALUES ('bc53b4f9-e077-b628-f670-45ac4085a545', 'c300529b-bea6-f38e-35c5-9f8fe0e929ad', 'Mariquina', true) ON CONFLICT (id) DO UPDATE SET name = EXCLUDED.name;
  INSERT INTO communes (id, city_id, name, is_active) VALUES ('61fa0000-28a7-b3b0-d34b-bde1f5d3a047', 'c300529b-bea6-f38e-35c5-9f8fe0e929ad', 'Paillaco', true) ON CONFLICT (id) DO UPDATE SET name = EXCLUDED.name;
  INSERT INTO communes (id, city_id, name, is_active) VALUES ('ecc18977-b01b-b901-4b5b-9ec8c2ffb2bf', 'c300529b-bea6-f38e-35c5-9f8fe0e929ad', 'Panguipulli', true) ON CONFLICT (id) DO UPDATE SET name = EXCLUDED.name;
  INSERT INTO communes (id, city_id, name, is_active) VALUES ('ed82fb57-a321-a570-5df4-1f343295f8fb', '06930999-a970-2c64-268c-e41b8ca2ac89', 'La Unión', true) ON CONFLICT (id) DO UPDATE SET name = EXCLUDED.name;
  INSERT INTO communes (id, city_id, name, is_active) VALUES ('1a46a8b0-a727-fd6a-d224-4c121afcf560', '06930999-a970-2c64-268c-e41b8ca2ac89', 'Futrono', true) ON CONFLICT (id) DO UPDATE SET name = EXCLUDED.name;
  INSERT INTO communes (id, city_id, name, is_active) VALUES ('0a58842c-1d4a-41cb-66cc-587060200a62', '06930999-a970-2c64-268c-e41b8ca2ac89', 'Lago Ranco', true) ON CONFLICT (id) DO UPDATE SET name = EXCLUDED.name;
  INSERT INTO communes (id, city_id, name, is_active) VALUES ('463b2eac-89d3-b3cf-b073-8877b7415266', '06930999-a970-2c64-268c-e41b8ca2ac89', 'Rio Bueno', true) ON CONFLICT (id) DO UPDATE SET name = EXCLUDED.name;
  INSERT INTO communes (id, city_id, name, is_active) VALUES ('bdfcb0eb-b1ca-fd3e-e626-90ced1c50806', '7467b26e-5386-3dc9-62b4-5561fd0a818e', 'Arica', true) ON CONFLICT (id) DO UPDATE SET name = EXCLUDED.name;
  INSERT INTO communes (id, city_id, name, is_active) VALUES ('450f4dda-5dbd-dba4-8747-99516b5b256f', '7467b26e-5386-3dc9-62b4-5561fd0a818e', 'Camarones', true) ON CONFLICT (id) DO UPDATE SET name = EXCLUDED.name;
  INSERT INTO communes (id, city_id, name, is_active) VALUES ('076802b3-4b36-f94c-57e4-b593c28361c6', 'cddda357-2fee-66c3-4c5d-1dcd6a676670', 'Putre', true) ON CONFLICT (id) DO UPDATE SET name = EXCLUDED.name;
  INSERT INTO communes (id, city_id, name, is_active) VALUES ('0ce21109-be69-c0f5-97a2-5cae279e0825', 'cddda357-2fee-66c3-4c5d-1dcd6a676670', 'General Lagos', true) ON CONFLICT (id) DO UPDATE SET name = EXCLUDED.name;
  INSERT INTO communes (id, city_id, name, is_active) VALUES ('1ed517b2-f283-38b8-3eaa-fb83c1e1996d', 'f6c49f43-3a69-48ee-5a74-f0516dc5c9b9', 'Perú', true) ON CONFLICT (id) DO UPDATE SET name = EXCLUDED.name;
END $$;
