client_reference,claim_number,liquidation_number,claim_id,gestiones_activas,gestiones_total,inspecciones_total,inspecciones_activas,prioridad,accion,motivo
202603472,25551-2026,L-000000002,396c45c4-ad37-47bb-a5c4-825f22126e2c,4,4,0,0,1,MANTENER,Gestiones activas
202603472,25551-2026,L-000000584,cb42a736-6141-40f4-b03b-bf7eef84ee00,0,0,0,0,2,DESACTIVAR,Sin actividad
202603479,90226080019640,L-000000003,668df776-3f76-4215-8d8d-d3e0b15ef16b,5,5,1,1,1,MANTENER,Inspeccion (prioridad max)
202603479,90226080019640,L-000000712,a0cf0c00-6cef-4d0a-8235-a305a4b01882,1,1,0,0,2,DESACTIVAR,"Con gestiones, sin inspeccion"
202603557,2611020393,L-000000708,85120ce0-e502-4c39-ae18-c056bbb017a9,2,2,1,0,1,MANTENER,Inspeccion (prioridad max)
202603557,2611020393,L-000000713,f032da47-3894-40d8-a141-4aa4617aae13,1,1,0,0,2,DESACTIVAR,"Con gestiones, sin inspeccion"
202603629,226010379,L-000000709,f222310c-58b2-4a9a-afaf-32f85138d7ac,2,2,1,0,1,MANTENER,Inspeccion (prioridad max)
202603629,226010379,L-000000714,3fc26240-468e-4e10-b915-0c053b282c35,1,1,0,0,2,DESACTIVAR,"Con gestiones, sin inspeccion"
202604199,226012005,L-000000136,5448ee9b-7180-4675-abd1-ed18450bca26,1,1,0,0,1,MANTENER,Gestiones activas
202604199,226012005,L-000000556,0c6a1bcc-a52b-478d-ab42-3085b7831ec5,1,1,0,0,2,DESACTIVAR,"Con gestiones, sin inspeccion"
202604282,226012224,L-000000069,d288d133-76ef-401e-a2e0-782852027ab3,2,2,1,0,1,MANTENER,Inspeccion (prioridad max)
202604282,226012224,L-000000983,3386f039-c3a9-4484-9c49-c0a599c47128,1,1,0,0,2,DESACTIVAR,"Con gestiones, sin inspeccion"
202604282,226012224,L-000001101,25e76c62-f1fa-4de0-989f-cd6e903fbc63,1,1,0,0,3,DESACTIVAR,"Con gestiones, sin inspeccion"
202604448,226012437,L-000000270,26834fa6-b3eb-41fa-a88a-1919e45315a4,3,3,1,0,1,MANTENER,Inspeccion (prioridad max)
202604448,226012437,L-000000476,beac07aa-3104-4fe1-bf36-45c665cce8fe,1,1,0,0,2,DESACTIVAR,"Con gestiones, sin inspeccion"
202604582,226012749,L-000000300,601da2cb-f3e1-41d9-aa30-dc967bb883bb,3,3,1,0,1,MANTENER,Inspeccion (prioridad max)
202604582,226012749,L-000000477,5501608c-a208-47f8-a393-504120c10c1f,1,1,0,0,2,DESACTIVAR,"Con gestiones, sin inspeccion"
202605122,13026000000500,L-000000660,b5b2d123-d379-41b2-afa1-edf3da9a7958,1,1,0,0,1,MANTENER,Gestiones activas
202605122,13026000000500,L-000000695,fd144b15-0dd3-427e-964d-cca466b3e005,1,1,0,0,2,DESACTIVAR,"Con gestiones, sin inspeccion"
202605123,13026000000501,L-000000661,3c45d105-a70a-4e06-bf35-538cecb50d16,1,1,0,0,1,MANTENER,Gestiones activas
202605123,13026000000501,L-000000696,f65822b4-3301-4b48-bd5f-f8449fc5559e,1,1,0,0,2,DESACTIVAR,"Con gestiones, sin inspeccion"
202605209,	 226014768,L-000000711,0d220a5c-e20d-45e3-bf1c-612a9249682e,4,4,2,0,1,MANTENER,Inspeccion (prioridad max)
202605209,226014768,L-000000718,e9b74f51-08b0-4e5a-b430-a9daa7c27ebc,1,1,0,0,2,DESACTIVAR,"Con gestiones, sin inspeccion"
202605284,226014869,L-000000961,14b888cd-44f8-430f-836f-1433796555f8,1,1,0,0,1,MANTENER,Gestiones activas
202605284,226014869,L-000001200,98284e10-6ec6-4b63-b7a4-3f212c27808c,1,1,0,0,2,DESACTIVAR,"Con gestiones, sin inspeccion"
202605286,226014871,L-000000917,b882aca3-a893-476e-b0d1-546d7ac45382,2,2,1,1,1,MANTENER,Inspeccion (prioridad max)
202605286,226014871,L-000001255,ebc5c63d-38bb-4a9b-ae73-f3df10a25468,1,1,0,0,2,DESACTIVAR,"Con gestiones, sin inspeccion"
202605302,226014796,L-000000918,b221c982-1a26-4b94-8125-6c24dd1d9468,1,1,0,0,1,MANTENER,Gestiones activas
202605302,226014796,L-000001064,32914e11-f703-45e1-9d55-12c2e072d90c,1,1,0,0,2,DESACTIVAR,"Con gestiones, sin inspeccion"
202605303,226014791,L-000000990,ac36314e-41d8-428a-8b94-d31de2655482,1,1,0,0,1,MANTENER,Gestiones activas
202605303,226014791,L-000001155,f479361a-4187-4955-9a68-3e1e23e74c1d,1,1,0,0,2,DESACTIVAR,"Con gestiones, sin inspeccion"
202605304,226014810,L-000000945,81edbef1-c2a2-4bd5-a075-2b05b43588b4,1,1,0,0,1,MANTENER,Gestiones activas
202605304,226014810,L-000001156,6b401f7b-937c-4a26-bf2f-dd90a2c5f137,1,1,0,0,2,DESACTIVAR,"Con gestiones, sin inspeccion"
202605307,226014781,L-000001003,cb2494c3-e920-41b6-a299-a717ed36eae0,1,1,0,0,1,MANTENER,Gestiones activas
202605307,226014781,L-000001157,fd7aed12-9226-4e30-85b5-0c9bb74a7f82,1,1,0,0,2,DESACTIVAR,"Con gestiones, sin inspeccion"
202605308,226014811,L-000001001,65364074-3236-4123-a1d6-4903c72e8681,1,1,0,0,1,MANTENER,Gestiones activas
202605308,226014811,L-000001104,20b30a24-b69d-4b59-9340-5afafc8fd425,1,1,0,0,2,DESACTIVAR,"Con gestiones, sin inspeccion"
202605309,226014804,L-000000963,963e594c-af6f-43b3-87f8-d7ff236818c9,1,1,0,0,1,MANTENER,Gestiones activas
202605309,226014804,L-000001201,e6425db8-82e2-4b85-9985-5ece24a5f0c2,1,1,0,0,2,DESACTIVAR,"Con gestiones, sin inspeccion"
202605359,226014925,L-000000927,fc0448ba-3f4a-4714-a011-2f8243a186a9,1,1,0,0,1,MANTENER,Gestiones activas
202605359,226014925,L-000001123,81ab7e08-c018-4f2a-916e-3db9f48f2964,1,1,0,0,2,DESACTIVAR,"Con gestiones, sin inspeccion"
202605360,226014926,L-000000935,0ad23031-d6db-4f80-9693-c44dcd6095c4,2,2,1,1,1,MANTENER,Inspeccion (prioridad max)
202605360,226014926,L-000001226,e0e834a8-dbf8-4952-9385-b4b845379c9c,1,1,0,0,2,DESACTIVAR,"Con gestiones, sin inspeccion"
202605361,226014927,L-000000942,2653d77e-84df-4c87-952b-4a4d0c6b24cf,1,1,0,0,1,MANTENER,Gestiones activas
202605361,226014927,L-000001148,3ce20734-aff3-43db-91db-6717efd2d4df,1,1,0,0,2,DESACTIVAR,"Con gestiones, sin inspeccion"
202605365,226014931,L-000000913,bcc4e980-2df0-4dd6-a10d-2ab251e2dfdc,1,1,0,0,1,MANTENER,Gestiones activas
202605365,226014931,L-000001145,9d3cb76c-7086-4536-9991-21763c536bd1,1,1,0,0,2,DESACTIVAR,"Con gestiones, sin inspeccion"
202605366,226014932,L-000000932,889b340c-d4b0-4e4b-b169-d35768d5059f,2,2,1,1,1,MANTENER,Inspeccion (prioridad max)
202605366,226014932,L-000001219,2cab3533-ec3b-47c4-8768-dbf7b22ff735,1,1,0,0,2,DESACTIVAR,"Con gestiones, sin inspeccion"
202605368,226014933,L-000000979,7873ae94-3677-4d3a-a815-9c066a67dffc,1,1,0,0,1,MANTENER,Gestiones activas
202605368,226014933,L-000001251,c1fc10a2-e4fa-4852-bdfb-dbe095564416,1,1,0,0,2,DESACTIVAR,"Con gestiones, sin inspeccion"
202605369,226014935,L-000000910,338e4b8c-8018-4f48-96e9-74dd5b3b8d66,1,1,0,0,1,MANTENER,Gestiones activas
202605369,226014935,L-000001092,b227dd10-90df-4b59-911c-bf62476ef5a9,1,1,0,0,2,DESACTIVAR,"Con gestiones, sin inspeccion"
202605370,226014936,L-000000972,5aba286e-9ab6-40f5-831e-5ef19e429e40,1,1,0,0,1,MANTENER,Gestiones activas
202605370,226014936,L-000001192,112198c5-e077-45f6-ac6e-52442f354670,1,1,0,0,2,DESACTIVAR,"Con gestiones, sin inspeccion"
202605372,226014937,L-000000969,43c2b7d6-0292-4004-91cd-dbe3d4c085b8,1,1,0,0,1,MANTENER,Gestiones activas
202605372,226014937,L-000001180,120e53cf-5954-4fa4-ae94-2c20a00d3ab1,1,1,0,0,2,DESACTIVAR,"Con gestiones, sin inspeccion"
202605373,226014938,L-000000946,2a3300cb-873e-47b2-a207-832f136d828b,1,1,0,0,1,MANTENER,Gestiones activas
202605373,226014938,L-000001158,36b0b782-6cd6-4f1d-a788-d1662d961fe5,1,1,0,0,2,DESACTIVAR,"Con gestiones, sin inspeccion"
202605376,226014942,L-000000996,1578a82e-c9e7-4278-93f6-ced5e2a5354a,1,1,0,0,1,MANTENER,Gestiones activas
202605376,226014942,L-000001202,7efca1bc-2106-4feb-b5b8-b7f4d069b777,1,1,0,0,2,DESACTIVAR,"Con gestiones, sin inspeccion"
202605378,226014945,L-000000919,9b6ba9bf-cf3d-4c0f-bb44-4775913c3ecd,1,1,0,0,1,MANTENER,Gestiones activas
202605378,226014945,L-000001065,8c4451bf-9907-4037-a247-58e5cc7c52d4,1,1,0,0,2,DESACTIVAR,"Con gestiones, sin inspeccion"
202605379,226014947,L-000000928,add250fe-c164-4d8d-aafc-e1146925f815,1,1,0,0,1,MANTENER,Gestiones activas
202605379,226014947,L-000001278,6971224f-5a02-4bf0-97c8-43befca7bbd3,1,1,0,0,2,DESACTIVAR,"Con gestiones, sin inspeccion"
202605380,226014948,L-000000936,a3ae880f-3b07-46c8-ac15-e2a6ea41610d,2,2,1,1,1,MANTENER,Inspeccion (prioridad max)
202605380,226014948,L-000001227,4a843f93-f826-4445-a590-d27113dfdae9,1,1,0,0,2,DESACTIVAR,"Con gestiones, sin inspeccion"
202605381,226014951,L-000000929,9f0b4fe7-d0d7-4fe0-abeb-fcbd027ca314,1,1,0,0,1,MANTENER,Gestiones activas
202605381,226014951,L-000001125,22258311-a4f0-4ec9-9f61-b1594cbfe3f0,1,1,0,0,2,DESACTIVAR,"Con gestiones, sin inspeccion"
202605385,226014958,L-000000902,6a14a808-bf75-4cd0-a8ca-db75d947e876,1,1,0,0,1,MANTENER,Gestiones activas
202605385,226014958,L-000001105,40f96b41-aa81-46ea-bf8c-c9a756e4693e,1,1,0,0,2,DESACTIVAR,"Con gestiones, sin inspeccion"
202605386,226014960,L-000000920,1c9ff4d2-6745-4ea2-9f17-6db7951ad12d,1,1,0,0,1,MANTENER,Gestiones activas
202605386,226014960,L-000001066,5fcc1e89-9bd8-4d5f-8d86-07b4fce9c143,1,1,0,0,2,DESACTIVAR,"Con gestiones, sin inspeccion"
202605390,226014962,L-000000965,98ea0595-0f8a-46e8-b827-c2ca12fd62b8,1,1,0,0,1,MANTENER,Gestiones activas
202605390,226014962,L-000001203,4e3749b3-5b97-4c53-8e41-383d962f6077,1,1,0,0,2,DESACTIVAR,"Con gestiones, sin inspeccion"
202605395,226014967,L-000000947,a41f54e1-7521-44f3-89d1-ad6c86ab07cc,1,1,0,0,1,MANTENER,Gestiones activas
202605395,226014967,L-000001289,526af026-50ea-4167-9f15-f84520a0208c,1,1,0,0,2,DESACTIVAR,"Con gestiones, sin inspeccion"
202605397,226014969,L-000000984,5ed5f826-f7e0-46f6-81d8-c332ad9b1a31,1,1,0,0,1,MANTENER,Gestiones activas
202605397,226014969,L-000001267,d5493cad-8a51-4817-9ea7-56fbfeb6b82f,1,1,0,0,2,DESACTIVAR,"Con gestiones, sin inspeccion"
202605398,226014970,L-000000930,b14bcf94-84bc-4f5d-9b9b-ae686b0d148c,1,1,0,0,1,MANTENER,Gestiones activas
202605398,226014970,L-000001126,e06b38aa-fa97-42fd-89eb-89158c2f7a0f,1,1,0,0,2,DESACTIVAR,"Con gestiones, sin inspeccion"
202605402,226014976,L-000000995,e76f7851-98ba-41ff-ac58-ae90b7c87194,1,1,0,0,1,MANTENER,Gestiones activas
202605402,226014976,L-000001129,9bd00922-b554-4b0e-a059-c6c46abb4bc0,1,1,0,0,2,DESACTIVAR,"Con gestiones, sin inspeccion"
202605403,226014975,L-000001000,cc692e70-1287-415e-8a48-aa3301e6c79a,1,1,0,0,1,MANTENER,Gestiones activas
202605403,226014975,L-000001242,c6c592e1-8e07-4054-9ccb-3d8ac951fc6f,1,1,0,0,2,DESACTIVAR,"Con gestiones, sin inspeccion"
202605406,226014979,L-000000914,d42db72f-7f67-4cd2-85d3-5b5275b8078c,1,1,0,0,1,MANTENER,Gestiones activas
202605406,226014979,L-000001146,755f1533-adc0-4c99-937b-fa0756c4146d,1,1,0,0,2,DESACTIVAR,"Con gestiones, sin inspeccion"
202605408,226014983,L-000000976,ef4f1a21-0394-4cab-ad82-7938f665128c,1,1,0,0,1,MANTENER,Gestiones activas
202605408,226014983,L-000001220,164d7e5f-b3e3-480c-9f65-70f2947c85ca,1,1,0,0,2,DESACTIVAR,"Con gestiones, sin inspeccion"
202605410,226014982,L-000000980,4a5c2f3f-9b7d-4b75-94a9-aa1927b5d8f1,1,1,0,0,1,MANTENER,Gestiones activas
202605410,226014982,L-000001252,4ea17185-55a0-4fee-bf81-ee7f55b43f41,1,1,0,0,2,DESACTIVAR,"Con gestiones, sin inspeccion"
202605411,226014984,L-000000987,e96b113e-4d59-4869-ac8b-e5e8e4c0f179,2,2,1,0,1,MANTENER,Inspeccion (prioridad max)
202605411,226014984,L-000001264,0e671c69-1c3a-4994-9ba5-0a03da22d94c,1,1,0,0,2,DESACTIVAR,"Con gestiones, sin inspeccion"
202605412,226014986,L-000000915,c72c2fe4-37de-43e4-a064-6d0cd6cc7e6c,1,1,0,0,1,MANTENER,Gestiones activas
202605412,226014986,L-000001190,e49ec5a6-9e0e-4367-8cd7-981417c907df,1,1,0,0,2,DESACTIVAR,"Con gestiones, sin inspeccion"
202605413,226014987,L-000000904,172fcbae-8aee-4a62-8065-413069509632,1,1,0,0,1,MANTENER,Gestiones activas
202605413,226014987,L-000001290,251115c2-795b-4e50-a39e-28781062b309,1,1,0,0,2,DESACTIVAR,"Con gestiones, sin inspeccion"
202605415,226014989,L-000000903,4f089d5e-764f-4d1b-b265-2f876e8116f9,2,2,1,1,1,MANTENER,Inspeccion (prioridad max)
202605415,226014989,L-000001268,4c680e05-995a-4f4b-9574-d2adb6e3f3cd,1,1,0,0,2,DESACTIVAR,"Con gestiones, sin inspeccion"
202605416,226014990,L-000001160,e0775113-d37a-46ec-8dc2-17401d84f747,2,2,1,1,1,MANTENER,Inspeccion (prioridad max)
202605416,226014990,L-000000948,f3ab0843-5cf8-4cc0-8909-d1fe615d3fb3,1,1,0,0,2,DESACTIVAR,"Con gestiones, sin inspeccion"
202605417,226014991,L-000000957,33e03ae9-51aa-4b42-9f1f-17be234d9284,1,1,0,0,1,MANTENER,Gestiones activas
202605417,226014991,L-000001107,2476e08a-330f-4f9f-b84c-2e000e45e675,1,1,0,0,2,DESACTIVAR,"Con gestiones, sin inspeccion"
202605418,226014992,L-000000998,978f0a92-0cfc-4713-bc70-f8ef7bf600a4,1,1,0,0,1,MANTENER,Gestiones activas
202605418,226014992,L-000001083,df77d18e-a89b-48a5-8e01-6e485bf5c979,1,1,0,0,2,DESACTIVAR,"Con gestiones, sin inspeccion"
202605419,226014993,L-000000992,10b4dbeb-9736-4d80-acd6-1b74a9e79a35,2,2,1,1,1,MANTENER,Inspeccion (prioridad max)
202605419,226014993,L-000001067,76afb6a4-e3f9-44f1-9d96-3cff8df30b3e,1,1,0,0,2,DESACTIVAR,"Con gestiones, sin inspeccion"
202605420,226014994,L-000000922,f597d910-f172-4f9d-910f-6b6fe5a5e238,2,2,1,0,1,MANTENER,Inspeccion (prioridad max)
202605420,226014994,L-000001068,f9a6be3d-14cf-490b-ac0e-8e87ed7ff71e,1,1,0,0,2,DESACTIVAR,"Con gestiones, sin inspeccion"
202605421,226014996,L-000000964,ad120c7a-5e76-4776-864c-44bf866dd3ec,1,1,0,0,1,MANTENER,Gestiones activas
202605421,226014996,L-000001204,57ff276b-17c4-42da-bb4c-33c6f396ccc0,1,1,0,0,2,DESACTIVAR,"Con gestiones, sin inspeccion"
202605422,226014997,L-000001008,158b0025-abbd-41c1-b9e0-7a5711800aeb,1,1,0,0,1,MANTENER,Gestiones activas
202605422,226014997,L-000001108,e02a3269-f58c-4e01-aee8-988226d7a93b,1,1,0,0,2,DESACTIVAR,"Con gestiones, sin inspeccion"
202605423,226014998,L-000000949,c553f884-3c1e-4173-a2ca-e8c23f6f7dbe,1,1,0,0,1,MANTENER,Gestiones activas
202605423,226014998,L-000001161,20d7e55f-b985-4659-9958-26636cc15c27,1,1,0,0,2,DESACTIVAR,"Con gestiones, sin inspeccion"
202605425,226015001,L-000000985,843671e9-60e6-43ee-a56d-7c80f98d5a4b,2,2,1,1,1,MANTENER,Inspeccion (prioridad max)
202605425,226015001,L-000001109,8e42214b-955c-4278-bb48-2a85b967ffa2,1,1,0,0,2,DESACTIVAR,"Con gestiones, sin inspeccion"
202605426,226015000,L-000000970,5263c496-6f4f-4454-9dc1-7747451684b4,1,1,0,0,1,MANTENER,Gestiones activas
202605426,226015000,L-000001181,34f4e667-cf2a-42da-a7b0-3bd0b267c978,1,1,0,0,2,DESACTIVAR,"Con gestiones, sin inspeccion"
202605427,226015003,L-000000973,760acfe6-1b2e-4eb8-bdbd-81d210597f04,1,1,0,0,1,MANTENER,Gestiones activas
202605427,226015003,L-000001063,17282c7a-7a7f-4afe-b0ad-9bf2580f651b,1,1,0,0,2,DESACTIVAR,"Con gestiones, sin inspeccion"
202605431,226015007,L-000000937,62c391da-b70f-4fa5-a75b-d4fab1bf5682,1,1,0,0,1,MANTENER,Gestiones activas
202605431,226015007,L-000001164,772d2a6c-1131-480b-8dce-3b5261a6bccd,1,1,0,0,2,DESACTIVAR,"Con gestiones, sin inspeccion"
202605445,226015028,L-000000950,14a7da9c-1853-4949-a44e-f29704bd4374,1,1,0,0,1,MANTENER,Gestiones activas
202605445,226015028,L-000001162,fced5dac-633d-4798-b534-7a03836217a9,1,1,0,0,2,DESACTIVAR,"Con gestiones, sin inspeccion"
202605449,226015090,L-000000905,b8bdfc47-fe5e-4e1e-8ed6-b282a1ea87e5,1,1,0,0,1,MANTENER,Gestiones activas
202605449,226015090,L-000001269,8c94af72-5adc-42c4-882a-a411fd123822,1,1,0,0,2,DESACTIVAR,"Con gestiones, sin inspeccion"
202605451,226015093,L-000001004,20ca16be-46a2-4fce-8d33-54b8ee90f13b,1,1,0,0,1,MANTENER,Gestiones activas
202605451,226015093,L-000001163,ea727770-1ae7-48bf-ace6-354ded12815b,1,1,0,0,2,DESACTIVAR,"Con gestiones, sin inspeccion"
202605453,226015095,L-000000958,2b800114-cf0e-4476-93f3-cf6e62adafda,2,2,1,1,1,MANTENER,Inspeccion (prioridad max)
202605453,226015095,L-000001111,6a1a045e-7039-44c2-a69e-aaa8b7c06a45,1,1,0,0,2,DESACTIVAR,"Con gestiones, sin inspeccion"
202605454,226015032,L-000000901,52b9f7e4-b517-4bcf-993d-4ce039f5b261,1,1,0,0,1,MANTENER,Gestiones activas
202605454,226015032,L-000001087,f197449f-cf5e-4315-bee0-ea694a4a8c19,1,1,0,0,2,DESACTIVAR,"Con gestiones, sin inspeccion"
202605455,226015071,L-000000923,1db7fdbd-464f-46ab-b304-f05775597186,2,2,1,1,1,MANTENER,Inspeccion (prioridad max)
202605455,226015071,L-000001069,39bf0ae2-75ed-48f7-827e-a42aba2ecdec,1,1,0,0,2,DESACTIVAR,"Con gestiones, sin inspeccion"
202605456,226015076,L-000000938,073ea551-5c06-4776-bffd-938169a8da58,2,2,1,1,1,MANTENER,Inspeccion (prioridad max)
202605456,226015076,L-000001228,3d2eb20d-c961-480a-a96c-28b3af229b96,1,1,0,0,2,DESACTIVAR,"Con gestiones, sin inspeccion"
202605457,226015059,L-000000943,904a35e5-2808-4e5b-bd4e-a473e4b10778,1,1,0,0,1,MANTENER,Gestiones activas
202605457,226015059,L-000001243,7241119a-2f00-4cb0-9816-fce9429199d9,1,1,0,0,2,DESACTIVAR,"Con gestiones, sin inspeccion"
202605459,226015041,L-000000991,bb2ac1d0-19a7-4176-bcf4-0051629dee1c,1,1,0,0,1,MANTENER,Gestiones activas
202605459,226015041,L-000001147,386567f4-5125-4563-af58-bb25218d59e7,1,1,0,0,2,DESACTIVAR,"Con gestiones, sin inspeccion"
202605460,226015080,L-000000977,e980d31f-9a19-4868-8c3f-045029f744f5,1,1,0,0,1,MANTENER,Gestiones activas
202605460,226015080,L-000001221,0ce76716-412a-4f64-ab73-ab7333d6e8db,1,1,0,0,2,DESACTIVAR,"Con gestiones, sin inspeccion"
202605461,226015061,L-000000981,815c025f-9c26-4c5b-b78a-f2b098d7b77e,1,1,0,0,1,MANTENER,Gestiones activas
202605461,226015061,L-000001253,efe38d30-d5b4-4d7b-a8bb-6fbf91507220,1,1,0,0,2,DESACTIVAR,"Con gestiones, sin inspeccion"
202605462,226015082,L-000000912,d463ef29-0cc7-4ba3-ac0f-a7fe58638cda,1,1,0,0,1,MANTENER,Gestiones activas
202605462,226015082,L-000001094,eee3530c-98c6-44c6-b20e-26615129f327,1,1,0,0,2,DESACTIVAR,"Con gestiones, sin inspeccion"
202605463,226015056,L-000000921,3bfd0109-7e00-4f0b-b0c8-b69cef0f3570,1,1,0,0,1,MANTENER,Gestiones activas
202605463,226015056,L-000001193,d6085d61-2949-49b3-8d94-1e4e2a246f98,1,1,0,0,2,DESACTIVAR,"Con gestiones, sin inspeccion"
202605464,226015075,L-000000908,f16d4f5c-2fd2-42bb-a561-25080eafd7a5,1,1,0,0,1,MANTENER,Gestiones activas
202605464,226015075,L-000001182,ade3c157-dc88-4760-9d2a-ac74bfd3cd70,1,1,0,0,2,DESACTIVAR,"Con gestiones, sin inspeccion"
202605465,226015038,L-000000906,5b6317c4-d640-47a1-9bff-7efa551d4317,1,1,0,0,1,MANTENER,Gestiones activas
202605465,226015038,L-000001112,3b74f4be-f31b-43aa-9ece-c3ac5b35c166,1,1,0,0,2,DESACTIVAR,"Con gestiones, sin inspeccion"
202605467,226015054,L-000000951,07b902c9-66fa-476d-9126-e902f485f456,1,1,0,0,1,MANTENER,Gestiones activas
202605467,226015054,L-000001280,91fd6383-cfb6-435e-bd62-1912a3974170,1,1,0,0,2,DESACTIVAR,"Con gestiones, sin inspeccion"
202605468,226015053,L-000000959,9c27c1b8-a851-4738-8608-0210f8100622,1,1,0,0,1,MANTENER,Gestiones activas
202605468,226015053,L-000001113,ac6d6c39-963f-49f7-84a3-ae4c0fdb4451,1,1,0,0,2,DESACTIVAR,"Con gestiones, sin inspeccion"
202605469,226015057,L-000000924,4d1a47ed-9335-403e-95ef-621fb3006ca2,1,1,0,0,1,MANTENER,Gestiones activas
202605469,226015057,L-000001259,bade402f-6ee8-4cc6-b5b4-3d33a7fe5e69,1,1,0,0,2,DESACTIVAR,"Con gestiones, sin inspeccion"
202605470,226015050,L-000000931,2d1e8836-1077-493d-827a-74a71a7c72bb,1,1,0,0,1,MANTENER,Gestiones activas
202605470,226015050,L-000001127,46a5f918-94ee-467d-8a6f-57078700da02,1,1,0,0,2,DESACTIVAR,"Con gestiones, sin inspeccion"
202605471,226015074,L-000000997,4eefb293-beda-487a-838b-f1827f8fdbac,1,1,0,0,1,MANTENER,Gestiones activas
202605471,226015074,L-000001229,b6010111-7633-4178-bed3-b0778b57152d,1,1,0,0,2,DESACTIVAR,"Con gestiones, sin inspeccion"
202605472,226015085,L-000001002,f7745f52-edfd-4dff-ad02-a5ede0b5f19c,1,1,0,0,1,MANTENER,Gestiones activas
202605472,226015085,L-000001115,7ebb884c-8ab9-471d-8e80-1ecbdc8a251e,1,1,0,0,2,DESACTIVAR,"Con gestiones, sin inspeccion"
202605477,226015058,L-000000994,7164918c-7767-49a1-8f28-09ebe19eb259,1,1,0,0,1,MANTENER,Gestiones activas
202605477,226015058,L-000001128,e5e4efb4-0c25-458d-8b11-9876037371d1,1,1,0,0,2,DESACTIVAR,"Con gestiones, sin inspeccion"
202605478,226015049,L-000000939,c66f2340-3e64-49e2-abe7-53e982895d72,1,1,0,0,1,MANTENER,Gestiones activas
202605478,226015049,L-000001230,b17630d1-adfe-424e-b128-10d4bab5f349,1,1,0,0,2,DESACTIVAR,"Con gestiones, sin inspeccion"
202605479,226015035,L-000000944,05de735f-b28c-42dc-be55-721559799325,1,1,0,0,1,MANTENER,Gestiones activas
202605479,226015035,L-000001154,512ac74f-f994-4e54-be45-00a00798731c,1,1,0,0,2,DESACTIVAR,"Con gestiones, sin inspeccion"
202605482,226015086,L-000001005,d753f71c-56a1-4069-b1ba-04936e83af94,1,1,0,0,1,MANTENER,Gestiones activas
202605482,226015086,L-000001165,f6675a56-0820-4edb-aa55-a6dffd8a1de8,1,1,0,0,2,DESACTIVAR,"Con gestiones, sin inspeccion"
202605483,226015042,L-000001009,30133185-db2f-4273-86d7-19dc8a4661af,1,1,0,0,1,MANTENER,Gestiones activas
202605483,226015042,L-000001270,6ebad429-22c4-4fd2-8f92-31621c452dff,1,1,0,0,2,DESACTIVAR,"Con gestiones, sin inspeccion"
202605484,226015043,L-000000966,656a6b8d-6d79-4372-9731-331c804908a7,1,1,0,0,1,MANTENER,Gestiones activas
202605484,226015043,L-000001205,536045c7-d3df-47de-9ae4-cd019f63a6cd,1,1,0,0,2,DESACTIVAR,"Con gestiones, sin inspeccion"
202605485,226015036,L-000000925,cd3d5ace-5854-46a1-b1d7-4ff8e58feefd,2,2,1,1,1,MANTENER,Inspeccion (prioridad max)
202605485,226015036,L-000001071,109887ee-ec79-43a0-b5ac-e499d37a7e11,1,1,0,0,2,DESACTIVAR,"Con gestiones, sin inspeccion"
202605486,226015060,L-000000907,f5547e42-bb1c-4cab-9a98-2da777886f50,1,1,0,0,1,MANTENER,Gestiones activas
202605486,226015060,L-000001116,5a8a1ce0-a0c7-4757-bf04-bb1e3738af6a,1,1,0,0,2,DESACTIVAR,"Con gestiones, sin inspeccion"
202605487,226015047,L-000000971,c0fc602a-c1b6-436b-a1da-2994534708f9,1,1,0,0,1,MANTENER,Gestiones activas
202605487,226015047,L-000001284,224818a1-41dc-4992-8940-c4c9596c3fed,1,1,0,0,2,DESACTIVAR,"Con gestiones, sin inspeccion"
202605488,226015070,L-000000974,2bb6257b-1b09-43cd-8462-9ae38ac8dd1c,1,1,0,0,1,MANTENER,Gestiones activas
202605488,226015070,L-000001070,ff8e62fc-c2cc-4cab-a2da-86678a933703,1,1,0,0,2,DESACTIVAR,"Con gestiones, sin inspeccion"
202605489,226015081,L-000000989,482c0a77-71b8-4ae0-98fe-4a0364ad45de,1,1,0,0,1,MANTENER,Gestiones activas
202605489,226015081,L-000001095,896e7e04-9cbb-4b86-ae29-e362661cfca2,1,1,0,0,2,DESACTIVAR,"Con gestiones, sin inspeccion"
202605490,226015087,L-000000940,fb0d91ad-ab1d-4a6d-9403-bdfe7a013108,1,1,0,0,1,MANTENER,Gestiones activas
202605490,226015087,L-000001168,0d4210d0-2e2a-470b-8991-fad96986b23a,1,1,0,0,2,DESACTIVAR,"Con gestiones, sin inspeccion"
202605491,226015044,L-000000978,a04a0724-3b97-4fb7-94ed-6d78562eda4d,1,1,0,0,1,MANTENER,Gestiones activas
202605491,226015044,L-000001118,6cce866b-6859-44c3-9174-4bcb3b2d3624,1,1,0,0,2,DESACTIVAR,"Con gestiones, sin inspeccion"
202605492,226015063,L-000000916,e2d24fc2-ad13-466b-8690-0b02a187751e,1,1,0,0,1,MANTENER,Gestiones activas
202605492,226015063,L-000001287,f2a36ebd-06c8-4ae1-899a-21f50f4df79c,1,1,0,0,2,DESACTIVAR,"Con gestiones, sin inspeccion"
202605494,226015037,L-000000952,7ebcfde8-d7e4-480c-a8bf-ec2f75fee883,1,1,0,0,1,MANTENER,Gestiones activas
202605494,226015037,L-000001272,175ad8d2-f8f3-4eaf-9823-94b0ceba3723,1,1,0,0,2,DESACTIVAR,"Con gestiones, sin inspeccion"
202605495,226015045,L-000001010,6e8c7189-da7e-4ed0-b08f-889b157760e6,1,1,0,0,1,MANTENER,Gestiones activas
202605495,226015045,L-000001271,cd82e9fc-601f-4604-b45c-33e1bc47b701,1,1,0,0,2,DESACTIVAR,"Con gestiones, sin inspeccion"
202605496,226015078,L-000000967,349e4a98-c34e-4490-bc34-94ff13f9b14c,1,1,0,0,1,MANTENER,Gestiones activas
202605496,226015078,L-000001093,96dc78da-66e3-474f-9b7d-acaa8535662b,1,1,0,0,2,DESACTIVAR,"Con gestiones, sin inspeccion"
202605498,226015046,L-000000933,e25ed370-d8cf-407d-98bd-c839975bebbb,1,1,0,0,1,MANTENER,Gestiones activas
202605498,226015046,L-000001274,77bb8205-2ed3-4ab3-8434-cfb6e12cc08f,1,1,0,0,2,DESACTIVAR,"Con gestiones, sin inspeccion"
202605499,226015031,L-000000999,a5ec0734-39ee-450c-91cd-adc231fed7f2,2,2,1,1,1,MANTENER,Inspeccion (prioridad max)
202605499,226015031,L-000001134,4cec923c-5d98-4c01-92f8-4776b3e9e779,1,1,0,0,2,DESACTIVAR,"Con gestiones, sin inspeccion"
202605500,226015096,L-000001166,c8f14c63-d44f-488b-b146-0f074f96a2f5,2,2,1,1,1,MANTENER,Inspeccion (prioridad max)
202605500,226015096,L-000001006,2db81745-76dd-41ce-a8d1-132d74cdd590,1,1,0,0,2,DESACTIVAR,"Con gestiones, sin inspeccion"
202605502,226015066,L-000000960,7ff97038-0f47-45a8-b3d1-78243bea90f6,1,1,0,0,1,MANTENER,Gestiones activas
202605502,226015066,L-000001117,2b822552-386b-4df0-be05-94f85ce9808a,1,1,0,0,2,DESACTIVAR,"Con gestiones, sin inspeccion"
202605503,226015039,L-000000968,1f236290-478d-4474-8e6c-377b9a54fbf6,1,1,0,0,1,MANTENER,Gestiones activas
202605503,226015039,L-000001098,82956432-a6c6-4276-9907-2d7fce47edcd,1,1,0,0,2,DESACTIVAR,"Con gestiones, sin inspeccion"
202605504,226015072,L-000000993,482d31ae-972f-469d-900e-604272d6d288,1,1,0,0,1,MANTENER,Gestiones activas
202605504,226015072,L-000001072,e4270c11-11a2-40fa-843d-1ad9f293b8ed,1,1,0,0,2,DESACTIVAR,"Con gestiones, sin inspeccion"
202605505,226015079,L-000000986,5d3f1048-c38a-4875-816b-37b935212d53,1,1,0,0,1,MANTENER,Gestiones activas
202605505,226015079,L-000001273,a1335c6d-7cf3-4840-a53b-daaef751982c,1,1,0,0,2,DESACTIVAR,"Con gestiones, sin inspeccion"
202605506,226015069,L-000000911,114e3cd9-d902-4726-88b8-8b02c28bb7c2,1,1,0,0,1,MANTENER,Gestiones activas
202605506,226015069,L-000001183,fe0d8b9f-c22d-4e53-b461-6bcb25f169ee,1,1,0,0,2,DESACTIVAR,"Con gestiones, sin inspeccion"
202605507,226015067,L-000000926,ef4aa341-177a-43d9-a157-ada7d04307c5,1,1,0,0,1,MANTENER,Gestiones activas
202605507,226015067,L-000001194,f5a124c9-9a06-4371-ab5e-9a6fc7258585,1,1,0,0,2,DESACTIVAR,"Con gestiones, sin inspeccion"
202605510,226015077,L-000000975,edd3b53d-c962-4887-86ec-88239670e3ef,1,1,0,0,1,MANTENER,Gestiones activas
202605510,226015077,L-000001074,8d30bc6e-ceef-4662-ac77-1984bf0cb539,1,1,0,0,2,DESACTIVAR,"Con gestiones, sin inspeccion"
202605521,226015107,L-000000934,5f44c8c3-5bfa-4d58-857f-02318bd94255,1,1,0,0,1,MANTENER,Gestiones activas
202605521,226015107,L-000001130,b70e7011-c809-4b0a-92c4-2aeea6ca2614,1,1,0,0,2,DESACTIVAR,"Con gestiones, sin inspeccion"
202605523,Pendiente 562437,L-000000982,891bb3be-84e3-4e6c-88c6-c49c44f1f5a8,1,1,0,0,1,MANTENER,Gestiones activas
202605523,1709626,L-000001254,d386a26a-c123-4de7-aefb-2981b2839bbe,1,1,0,0,2,DESACTIVAR,"Con gestiones, sin inspeccion"
202605551,226015136,L-000000909,538a7b81-2d88-4bf8-aa43-e1205f857712,1,1,0,0,1,MANTENER,Gestiones activas
202605551,226015136,L-000001276,aff37253-ef19-4d11-a199-24ae20953544,1,1,0,0,2,DESACTIVAR,"Con gestiones, sin inspeccion"
202605557,226015142,L-000000941,863f64b8-6b5e-4bbc-aa76-4711f6624c30,2,2,1,1,1,MANTENER,Inspeccion (prioridad max)
202605557,226015142,L-000001231,4d4e960f-386c-490c-a918-d541ea4c1b84,1,1,0,0,2,DESACTIVAR,"Con gestiones, sin inspeccion"
CHL-00000682,1976596,L-000000588,0512a437-368b-427f-af21-a73bde3ad588,6,6,2,0,1,MANTENER,Inspeccion (prioridad max)
CHL-00000682,1976596,L-000000591,f497fd2f-4bb3-4ffc-9c18-d971f4f6fcd6,1,1,0,0,2,DESACTIVAR,"Con gestiones, sin inspeccion"
CHL-00000749,10843452,L-000000824,fc4267f0-0921-4978-bbe9-8f250d68244c,2,2,1,1,1,MANTENER,Inspeccion (prioridad max)
CHL-00000749,10843452,L-000001029,68819409-1e4d-4b62-8836-6b80347e4f6b,1,1,0,0,2,DESACTIVAR,"Con gestiones, sin inspeccion"
CHL-00001048,10853614,L-000000710,c5be6815-3743-45d7-a53d-9da317bf6c8b,2,2,1,0,1,MANTENER,Inspeccion (prioridad max)
CHL-00001048,10853614,L-000000822,ec6e79c1-e539-4460-909c-95a1e9f6d8ed,1,1,0,0,2,DESACTIVAR,"Con gestiones, sin inspeccion"
CHL-00001619,10873593,L-000000598,4ad7f0a0-47c6-4d8a-bf25-346d39d382f2,2,2,1,0,1,MANTENER,Inspeccion (prioridad max)
CHL-00001619,10873593,L-000000589,c31024a3-7702-46e9-8523-decbee20dd29,0,0,0,0,2,DESACTIVAR,Sin actividad
CHL-00001621,10874523,L-000000599,a5831fe7-ea91-41d8-aaa8-a9053426b49c,2,2,1,0,1,MANTENER,Inspeccion (prioridad max)
CHL-00001621,10874523,L-000000590,28e863fc-bf9c-4dbc-a00b-895bf994219d,1,1,0,0,2,DESACTIVAR,"Con gestiones, sin inspeccion"
CHL-00001649,10876352,L-000000645,3a7c4ad8-da3c-48ed-936d-b7023ae0f8f4,1,1,0,0,1,MANTENER,Gestiones activas
CHL-00001649,10876352,L-000000650,8b7342d3-f6cc-4f59-9d72-cfa7b09261c6,1,1,0,0,2,DESACTIVAR,"Con gestiones, sin inspeccion"
CHL-00001697,10879820,L-000000663,ce85cd33-d8cd-4cdc-8665-9cd3f2039df2,2,2,1,0,1,MANTENER,Inspeccion (prioridad max)
CHL-00001697,10879820,L-000000774,4ea2baa5-0a8b-40e7-b2ee-bea2a424e603,1,1,0,0,2,DESACTIVAR,"Con gestiones, sin inspeccion"
CHL-00001779,10883211,L-000000866,928f7496-fd80-4746-8c09-dec3d49ad240,2,2,1,1,1,MANTENER,Inspeccion (prioridad max)
CHL-00001779,10883211,L-000001294,af73c154-4d99-49c5-a127-09eb448b8f1c,1,1,0,0,2,DESACTIVAR,"Con gestiones, sin inspeccion"